StudyInstanceUID,true:ACL,pred:ACL,true:MCL,pred:MCL,true:Medial Meniscus,pred:Medial Meniscus,true:Lateral Meniscus,pred:Lateral Meniscus,true:Medial OA,pred:Medial OA,true:Lateral OA,pred:Lateral OA,true:PF OA,pred:PF OA,true:Effusion,pred:Effusion,true:Synovitis,pred:Synovitis,true:Baker's,pred:Baker's,true:Contusion,pred:Contusion,true:Fracture,pred:Fracture
1.2.826.0.1.3680043.8.498.10095687747295410396510538520594649149,0.0,0.15386242,0.0,0.09885983,0.0,0.16074537,0.0,0.13904199,0.0,0.22070353,0.0,0.18833229,1.0,0.58367217,1.0,0.7034182,0.0,0.37399697,0.0,0.14262497,0.0,0.16113989,0.0,0.19166191
1.2.826.0.1.3680043.8.498.10170898615867673028696505248839028269,0.0,0.41778216,0.0,0.17351398,0.0,0.28702742,1.0,0.39953506,0.0,0.3164698,0.0,0.321076,1.0,0.53555065,0.0,0.7082776,1.0,0.56144094,0.0,0.26726016,0.0,0.248992,0.0,0.13257669
1.2.826.0.1.3680043.8.498.10306159113324811538703788080836752052,0.0,0.23693998,0.0,0.1555588,1.0,0.81171936,0.0,0.4392899,1.0,0.8538808,0.0,0.5753704,1.0,0.8473669,0.0,0.61942,1.0,0.45817727,0.0,0.3486106,0.0,0.356295,0.0,0.22200353
1.2.826.0.1.3680043.8.498.11287937729196958426538087439102017580,0.0,0.16454263,0.0,0.15445434,0.0,0.6650416,0.0,0.12226472,0.0,0.80812716,0.0,0.37543276,0.0,0.775373,1.0,0.84790474,0.0,0.6267424,0.0,0.16798797,0.0,0.30559567,0.0,0.123762235
1.2.826.0.1.3680043.8.498.11382021393803389951964005983002209238,1.0,0.46251628,0.0,0.14180799,1.0,0.37871614,0.0,0.2854514,0.0,0.17374809,0.0,0.13194187,0.0,0.20719425,0.0,0.45247823,0.0,0.3367872,0.0,0.2638198,0.0,0.11854946,0.0,0.14119367
1.2.826.0.1.3680043.8.498.11548045715264151632153040089882701935,0.0,0.49130112,0.0,0.17331752,0.0,0.26002207,0.0,0.4029325,0.0,0.40574378,0.0,0.31310722,0.0,0.6015796,1.0,0.7998967,1.0,0.6239111,0.0,0.3751741,1.0,0.43326813,0.0,0.18102524
1.2.826.0.1.3680043.8.498.11557620559191469069130827959098335840,1.0,0.50083333,0.0,0.061925013,0.0,0.2238505,1.0,0.28075856,0.0,0.31707695,1.0,0.40585566,0.0,0.52896744,1.0,0.7614555,0.0,0.46957698,0.0,0.13070524,0.0,0.32849163,0.0,0.44221276
1.2.826.0.1.3680043.8.498.11771393824519892797114773408583976756,0.0,0.5579231,1.0,0.37171805,0.0,0.29368845,0.0,0.53914976,0.0,0.3513652,0.0,0.41330376,0.0,0.5817031,0.0,0.72477466,0.0,0.5978439,0.0,0.40314558,1.0,0.78031516,0.0,0.39997116
1.2.826.0.1.3680043.8.498.11851412923016044948101698015974810604,0.0,0.24419113,0.0,0.25934282,1.0,0.58743197,1.0,0.31762716,1.0,0.6266836,0.0,0.34745127,1.0,0.76389784,1.0,0.66244316,0.0,0.45310715,0.0,0.5242789,0.0,0.5204335,1.0,0.35398662
1.2.826.0.1.3680043.8.498.11915937982684988073644209606907169581,0.0,0.19363448,0.0,0.14132251,0.0,0.17446871,1.0,0.48577875,0.0,0.5998274,1.0,0.5779947,1.0,0.83489555,1.0,0.82397926,1.0,0.611673,1.0,0.692474,0.0,0.41494468,0.0,0.20602241
1.2.826.0.1.3680043.8.498.12448079646359892252441208258836556945,0.0,0.18332861,0.0,0.14634453,0.0,0.28793284,0.0,0.2001351,0.0,0.30845577,0.0,0.24117711,1.0,0.5397934,0.0,0.3805028,1.0,0.33825606,0.0,0.24803215,0.0,0.18485929,0.0,0.19342569
1.2.826.0.1.3680043.8.498.12505035424093604269515328931488770819,1.0,0.626537,1.0,0.62681097,0.0,0.5466127,1.0,0.39472586,0.0,0.42088056,0.0,0.31931823,0.0,0.5931309,1.0,0.8003045,0.0,0.4573914,0.0,0.38683754,0.0,0.65518343,1.0,0.39492866
1.2.826.0.1.3680043.8.498.12606657226568558340797193167488111973,1.0,0.44989258,1.0,0.27807057,0.0,0.35455477,1.0,0.26385665,0.0,0.26558232,0.0,0.17684607,0.0,0.35972255,0.0,0.53079015,0.0,0.42828515,0.0,0.33036366,0.0,0.20235062,0.0,0.15122543
1.2.826.0.1.3680043.8.498.12801308844398614687904447633432197492,0.0,0.3852266,0.0,0.10512525,1.0,0.641588,1.0,0.3773778,1.0,0.732548,0.0,0.29930845,0.0,0.6112564,1.0,0.7857668,1.0,0.49715596,1.0,0.8327764,1.0,0.69582057,0.0,0.22853178
1.2.826.0.1.3680043.8.498.12978510157202852202776899910529174803,0.0,0.16994682,0.0,0.1022986,0.0,0.6237986,0.0,0.1327394,0.0,0.15776229,0.0,0.098298036,0.0,0.17577596,0.0,0.2801172,0.0,0.20798244,0.0,0.30236012,0.0,0.42972815,1.0,0.2341197
1.2.826.0.1.3680043.8.498.13267780356245120052411517053322874891,0.0,0.3971635,0.0,0.21112917,0.0,0.098699205,1.0,0.13812949,0.0,0.20938045,0.0,0.18721606,0.0,0.41382873,0.0,0.689259,0.0,0.4905613,0.0,0.26784682,0.0,0.8924967,1.0,0.7543731
1.2.826.0.1.3680043.8.498.13335129881737731410081002627729200903,1.0,0.49759644,0.0,0.15779893,1.0,0.6682997,1.0,0.5469442,1.0,0.8795574,1.0,0.6984319,1.0,0.88240206,1.0,0.75665843,1.0,0.57166404,1.0,0.830557,0.0,0.23288272,0.0,0.1454247
1.2.826.0.1.3680043.8.498.15593638897292057356864060466120253309,0.0,0.090245366,0.0,0.10917763,0.0,0.48869362,1.0,0.5742281,1.0,0.8420586,1.0,0.84711534,1.0,0.94291073,0.0,0.57732624,1.0,0.62917775,0.0,0.15284534,0.0,0.17828137,0.0,0.3167615
1.2.826.0.1.3680043.8.498.16060119389060497136231217718921482192,0.0,0.15132283,0.0,0.18748318,1.0,0.7242775,1.0,0.33850348,1.0,0.85360277,1.0,0.58380187,1.0,0.8716518,1.0,0.82453257,1.0,0.71072704,1.0,0.6415317,0.0,0.7499846,1.0,0.5426713
1.2.826.0.1.3680043.8.498.17844546765907321649997094867791102711,1.0,0.97440547,0.0,0.18221827,0.0,0.09555752,0.0,0.31938782,0.0,0.09227887,0.0,0.12177702,0.0,0.081114374,1.0,0.75685054,0.0,0.2375134,0.0,0.2360854,0.0,0.77544934,1.0,0.39021805
1.2.826.0.1.3680043.8.498.18392509497170616983977319528036573378,1.0,0.86598456,0.0,0.6019748,1.0,0.6845254,0.0,0.5324759,0.0,0.35242066,0.0,0.27572396,0.0,0.44616923,1.0,0.7853072,1.0,0.35363004,0.0,0.2942179,1.0,0.5887513,1.0,0.24458537
1.2.826.0.1.3680043.8.498.22109739962224309418874538994436903404,0.0,0.22600204,0.0,0.05909701,0.0,0.41025063,1.0,0.33612156,1.0,0.4567661,1.0,0.37114832,0.0,0.68543893,0.0,0.6881132,0.0,0.40601414,1.0,0.915281,0.0,0.24249028,0.0,0.18254697
1.2.826.0.1.3680043.8.498.25695966186129395049687747156570466645,0.0,0.27041605,0.0,0.13380904,1.0,0.74703544,1.0,0.3053381,1.0,0.5534585,0.0,0.2603404,0.0,0.49675757,1.0,0.7097193,1.0,0.46175113,0.0,0.5247337,0.0,0.45331106,0.0,0.20897005
1.2.826.0.1.3680043.8.498.26790702379506190936834447203448882465,1.0,0.8771253,0.0,0.09419385,0.0,0.22108209,0.0,0.2623618,0.0,0.058801793,0.0,0.082078904,0.0,0.050016735,0.0,0.60523766,0.0,0.23610643,0.0,0.20413302,1.0,0.35529935,0.0,0.15836275
1.2.826.0.1.3680043.8.498.27437263843446879932281897446100134924,0.0,0.10725151,0.0,0.083002426,1.0,0.5420653,0.0,0.13981983,0.0,0.5413783,0.0,0.45665833,0.0,0.69997174,0.0,0.11903406,0.0,0.26718104,0.0,0.11009519,0.0,0.1554759,0.0,0.24536481
1.2.826.0.1.3680043.8.498.28925345859498351203477642741908452608,0.0,0.46274346,0.0,0.4027375,1.0,0.8886983,1.0,0.3745364,1.0,0.84577894,0.0,0.3555831,1.0,0.7557198,0.0,0.65314907,0.0,0.46739894,1.0,0.7301269,0.0,0.48756656,0.0,0.20664316
1.2.826.0.1.3680043.8.498.29764868091238287072166823522853419550,1.0,0.34738383,0.0,0.14422931,0.0,0.17746481,0.0,0.13490897,0.0,0.09000299,0.0,0.05804372,0.0,0.121559076,0.0,0.4342894,0.0,0.25639552,0.0,0.27448502,1.0,0.16274971,1.0,0.18861498
1.2.826.0.1.3680043.8.498.30246079718471552972130572444383079911,1.0,0.6295385,0.0,0.25423926,1.0,0.68444556,1.0,0.39675677,0.0,0.37954724,0.0,0.2340275,0.0,0.4473345,1.0,0.70797116,1.0,0.3984102,0.0,0.23734286,1.0,0.5159336,1.0,0.28671297
1.2.826.0.1.3680043.8.498.32321830776739689645700555055955725945,1.0,0.6634234,1.0,0.3798791,0.0,0.35666242,0.0,0.41421443,0.0,0.18987095,0.0,0.14781788,1.0,0.27123627,1.0,0.85924864,1.0,0.44273415,0.0,0.28323132,1.0,0.91784745,1.0,0.82042277
1.2.826.0.1.3680043.8.498.37040910196459054543310335064167212742,1.0,0.7754696,0.0,0.6286464,1.0,0.08362963,1.0,0.20235479,0.0,0.19756454,0.0,0.17391254,0.0,0.42950726,1.0,0.90684545,1.0,0.6072833,0.0,0.296556,1.0,0.9185709,1.0,0.6506063
1.2.826.0.1.3680043.8.498.37392127307867238524251864751713143683,0.0,0.31149215,0.0,0.28695136,0.0,0.13818967,0.0,0.17519303,0.0,0.12775406,0.0,0.17727403,0.0,0.21527731,0.0,0.5568273,0.0,0.29930928,0.0,0.43283263,1.0,0.73808235,1.0,0.40447852
1.2.826.0.1.3680043.8.498.39500553372517290823815606829518305500,0.0,0.13318138,0.0,0.07470704,0.0,0.4576729,1.0,0.8806503,0.0,0.64387786,1.0,0.8569455,1.0,0.89180094,1.0,0.84349275,1.0,0.7068212,0.0,0.3365837,0.0,0.33110955,0.0,0.22815059
1.2.826.0.1.3680043.8.498.41600498783384864111179175518614837125,1.0,0.9237673,0.0,0.25542933,1.0,0.6822265,0.0,0.55789906,0.0,0.2777518,0.0,0.2288416,0.0,0.1719969,0.0,0.7128132,0.0,0.4596636,0.0,0.32627565,1.0,0.5902878,0.0,0.16393036
1.2.826.0.1.3680043.8.498.47921753480592595198052407850568677187,0.0,0.41566262,0.0,0.36673996,1.0,0.9011005,0.0,0.437719,0.0,0.6222061,0.0,0.20806174,0.0,0.5079628,1.0,0.7556831,1.0,0.45283103,0.0,0.33438665,0.0,0.55328476,1.0,0.28101885
1.2.826.0.1.3680043.8.498.48348615349418615469875801439348424274,0.0,0.06964254,1.0,0.28935644,0.0,0.52116054,0.0,0.14800085,0.0,0.4847661,0.0,0.2853702,0.0,0.80575097,0.0,0.5921706,0.0,0.3827007,0.0,0.3499831,0.0,0.16469918,0.0,0.20416018
1.2.826.0.1.3680043.8.498.48946580946665031852355005294734101132,1.0,0.4629526,0.0,0.4617641,0.0,0.19828595,0.0,0.15953484,0.0,0.27865863,0.0,0.16376847,0.0,0.4295038,1.0,0.74590796,0.0,0.40794662,0.0,0.24757683,1.0,0.51457644,0.0,0.43792534
1.2.826.0.1.3680043.8.498.54977581323931277817074741182670080450,0.0,0.10860596,0.0,0.09104721,0.0,0.6724444,1.0,0.70502865,0.0,0.6703092,0.0,0.64116716,0.0,0.8751061,0.0,0.66731375,0.0,0.56542104,0.0,0.3171495,0.0,0.16951771,0.0,0.21604969
1.2.826.0.1.3680043.8.498.56512564464301544960446419143135447363,0.0,0.24043545,0.0,0.08924509,0.0,0.7025572,0.0,0.1565515,1.0,0.7947049,0.0,0.5019262,1.0,0.7628805,1.0,0.5298374,1.0,0.43743798,0.0,0.080332816,0.0,0.39381504,0.0,0.21666884
1.2.826.0.1.3680043.8.498.59483999067816153759785789654766826710,1.0,0.7839861,0.0,0.46829817,0.0,0.41889602,0.0,0.4457497,0.0,0.13659163,0.0,0.18499719,0.0,0.25793472,1.0,0.7279331,1.0,0.30521172,0.0,0.28806567,1.0,0.8823624,1.0,0.6041866
1.2.826.0.1.3680043.8.498.62465595376489211274225312453216559395,1.0,0.6470538,1.0,0.57575035,1.0,0.6409572,0.0,0.42276993,0.0,0.26064292,1.0,0.15407506,0.0,0.3588353,1.0,0.8429297,1.0,0.5094064,0.0,0.3187887,0.0,0.57591623,1.0,0.34647986
1.2.826.0.1.3680043.8.498.62549354677638403845904556149868367236,1.0,0.84941024,1.0,0.32832927,0.0,0.29155353,1.0,0.22846097,0.0,0.16044568,0.0,0.12026015,0.0,0.16547252,1.0,0.72024614,1.0,0.3023313,0.0,0.26436877,1.0,0.7550445,0.0,0.3551296
1.2.826.0.1.3680043.8.498.64408609256163127278435484217683272910,0.0,0.7171537,0.0,0.26299268,1.0,0.87176996,0.0,0.424293,1.0,0.8697442,0.0,0.5342571,0.0,0.6357294,1.0,0.79154253,1.0,0.6223814,1.0,0.8053718,0.0,0.75291735,0.0,0.2952146
1.2.826.0.1.3680043.8.498.64703506772167798469048460791472465039,0.0,0.9334743,1.0,0.6637062,1.0,0.18728049,1.0,0.3973614,0.0,0.15181454,0.0,0.24120969,0.0,0.3811796,1.0,0.8875243,0.0,0.45037204,0.0,0.12892108,1.0,0.9533732,1.0,0.9431218
1.2.826.0.1.3680043.8.498.65708905118633339771181857781063784327,0.0,0.44059172,0.0,0.31044993,1.0,0.7340885,1.0,0.29700923,1.0,0.7040868,1.0,0.40454134,1.0,0.6703591,1.0,0.7571715,1.0,0.5353622,1.0,0.7216556,0.0,0.32237244,0.0,0.13382266
1.2.826.0.1.3680043.8.498.67188121544063723837669983597453941774,1.0,0.87153935,0.0,0.13514967,1.0,0.73704743,0.0,0.39184216,0.0,0.33608237,0.0,0.23870844,0.0,0.2861602,1.0,0.60999143,0.0,0.30129272,0.0,0.18888201,0.0,0.3187405,0.0,0.18758085
1.2.826.0.1.3680043.8.498.69392348385274125385290015404144639002,0.0,0.16211379,0.0,0.19181815,0.0,0.24654901,0.0,0.16421124,0.0,0.24702555,0.0,0.20061825,1.0,0.49910894,0.0,0.32742682,0.0,0.33049,0.0,0.28951064,0.0,0.22593011,0.0,0.18960834
1.2.826.0.1.3680043.8.498.72853333220043794904856138561095171921,0.0,0.077280544,1.0,0.7449018,0.0,0.08976533,0.0,0.043083612,0.0,0.115787394,0.0,0.10259868,0.0,0.43340448,0.0,0.40391973,0.0,0.25908667,0.0,0.17424051,0.0,0.3548351,0.0,0.14250885
1.2.826.0.1.3680043.8.498.73527530686853911124431549317032662220,1.0,0.6539048,0.0,0.32078,0.0,0.15219031,0.0,0.25108936,0.0,0.38762546,0.0,0.29194495,1.0,0.5715305,1.0,0.8875947,0.0,0.6446301,0.0,0.26711768,1.0,0.7973936,1.0,0.41697782
1.2.826.0.1.3680043.8.498.73926443729786165628848843707532839995,0.0,0.39384195,0.0,0.5060206,1.0,0.69824886,0.0,0.22036377,0.0,0.67119926,0.0,0.36678207,1.0,0.7350678,1.0,0.7733655,1.0,0.51144785,0.0,0.8888589,0.0,0.53075707,0.0,0.21778542
1.2.826.0.1.3680043.8.498.75187434248356774277526985329346125190,1.0,0.60310197,0.0,0.061556786,1.0,0.4233584,0.0,0.23049466,0.0,0.121006735,0.0,0.13115166,1.0,0.14384457,1.0,0.81313235,0.0,0.2703357,1.0,0.30896825,1.0,0.7594856,0.0,0.24700983
1.2.826.0.1.3680043.8.498.77362718298550276679350855963451855003,0.0,0.16575302,0.0,0.45432994,0.0,0.06407583,0.0,0.04295603,0.0,0.11292539,1.0,0.11446067,0.0,0.40390316,1.0,0.84690267,1.0,0.39754176,0.0,0.08639507,1.0,0.62676495,0.0,0.32080185
1.2.826.0.1.3680043.8.498.78512215519177850923279235346968676828,0.0,0.60323894,0.0,0.23729795,1.0,0.6581692,0.0,0.40353367,1.0,0.8334168,0.0,0.76065916,1.0,0.9162246,0.0,0.49944022,0.0,0.34084454,0.0,0.3097487,0.0,0.34367332,0.0,0.1715267
1.2.826.0.1.3680043.8.498.82166943552764439138333504456139890254,1.0,0.7768344,0.0,0.3050747,1.0,0.7939831,1.0,0.43504223,1.0,0.5605253,0.0,0.3484893,0.0,0.53341424,1.0,0.7381243,0.0,0.48408425,0.0,0.37002167,0.0,0.1364692,0.0,0.11452837
1.2.826.0.1.3680043.8.498.86968600239724310678905311244945464037,1.0,0.9680687,0.0,0.1298314,1.0,0.3682275,0.0,0.4935509,0.0,0.2611146,0.0,0.2850977,0.0,0.22375092,1.0,0.7709514,0.0,0.3900617,0.0,0.34479684,0.0,0.61564493,0.0,0.23949835
1.2.826.0.1.3680043.8.498.88077418639301174409926781329613570435,1.0,0.92914706,0.0,0.33729786,1.0,0.8997942,1.0,0.8422331,1.0,0.93890256,1.0,0.91653854,1.0,0.8777242,1.0,0.87116635,1.0,0.7322236,1.0,0.7420891,0.0,0.55942214,0.0,0.19675596
1.2.826.0.1.3680043.8.498.90283565381042081768587894596970552767,0.0,0.26794773,0.0,0.25256866,0.0,0.67535937,0.0,0.45237157,0.0,0.7472462,0.0,0.60312855,1.0,0.92740464,1.0,0.7850582,1.0,0.63306314,0.0,0.43141764,0.0,0.30311418,0.0,0.19594823
1.2.826.0.1.3680043.8.498.94433753471890306108089557761231739312,0.0,0.12620866,0.0,0.09437062,0.0,0.35986874,0.0,0.20642601,0.0,0.32090428,0.0,0.120927356,0.0,0.34251904,0.0,0.46767855,0.0,0.29158646,1.0,0.4699187,0.0,0.07945542,0.0,0.13687496
1.2.826.0.1.3680043.8.498.97274720257634584071500649275217521662,1.0,0.33795303,0.0,0.27724174,1.0,0.4161716,0.0,0.32795075,0.0,0.56431794,0.0,0.34349796,0.0,0.67157394,0.0,0.7488025,1.0,0.51192456,1.0,0.7901642,1.0,0.6136672,1.0,0.3055556
