study,series,point,sop,slice,jpeg_row,jpeg_col,native_row,native_col,x_mm,y_mm,z_mm,side,side_from,side_tagged,side_from_click,lat_end,side_agrees,skipped,annotator
1.2.826.0.1.3680043.8.498.26351577824204863242390892891061594387,1.2.826.0.1.3680043.8.498.96674860996504773679186944112298381801,lat_centre,1.2.826.0.1.3680043.8.498.87746668526401399707065621145472697550,7,416.35,291.79,659.966,454.744,107.485,-44.009,-10.145,L,DICOM Laterality tag,L,L,first,True,False,raw-mathys-2026-09-29
1.2.826.0.1.3680043.8.498.50248717336781045512984550029203786086,1.2.826.0.1.3680043.8.498.71531823989276758165331987858551456913,lat_centre,1.2.826.0.1.3680043.8.498.11681573083097898049898915418429215266,8,318.98,306.02,447.633,430.033,105.544,-32.258,-17.58,L,DICOM Laterality tag,L,L,first,True,False,raw-mathys-2026-09-29
1.2.826.0.1.3680043.8.498.47925688677871325890380893763458019552,1.2.826.0.1.3680043.8.498.50184111248572597456516210989163877486,lat_centre,1.2.826.0.1.3680043.8.498.13201995092468180944039235530651184760,9,327.83,302.86,186.553,169.907,136.178,-35.898,-4.441,L,DICOM Laterality tag,L,L,first,True,False,raw-mathys-2026-09-29
1.2.826.0.1.3680043.8.498.10143536655047216390592811329604738314,1.2.826.0.1.3680043.8.498.11409940927618962354373278521471165954,lat_centre,1.2.826.0.1.3680043.8.498.14967611707864848527356905089170674458,22,351.54,304.44,319.54,272.44,-100.716,-7.811,-27.12,R,DICOM Laterality tag,R,R,last,True,False,raw-mathys-2026-09-29
1.2.826.0.1.3680043.8.498.83509478059288902959149676250911654986,1.2.826.0.1.3680043.8.498.89116126151068379633097459199866156428,lat_centre,1.2.826.0.1.3680043.8.498.80293486931387940531046557749159818485,23,315.98,324.99,256.351,264.031,-107.869,4.131,-8.17,R,DICOM Laterality tag,R,R,last,True,False,raw-mathys-2026-09-29
1.2.826.0.1.3680043.8.498.56385473079196655120993854770623075553,1.2.826.0.1.3680043.8.498.11611380071666893601563322094429653848,lat_centre,1.2.826.0.1.3680043.8.498.17971946799674424753665272727252207532,9,346.8,310.76,236.1,209.07,106.003,-17.352,3.985,L,DICOM Laterality tag,L,L,first,True,False,raw-mathys-2026-09-29
1.2.826.0.1.3680043.8.498.58346459085553680879151588730895136332,1.2.826.0.1.3680043.8.498.64845052358433086149120315521738084627,lat_centre,1.2.826.0.1.3680043.8.498.26081322133150342605448642743098668439,21,347.59,322.62,559.714,513.112,-97.001,-41.851,-19.504,R,DICOM Laterality tag,R,R,last,True,False,raw-mathys-2026-09-29
1.2.826.0.1.3680043.8.498.10432568348356281020515782178064869805,1.2.826.0.1.3680043.8.498.12862771526670808608904605078864426170,lat_centre,1.2.826.0.1.3680043.8.498.43306794694548720204317394310323822920,6,375.25,306.02,268.164,214.078,143.364,-53.824,15.432,L,DICOM Laterality tag,L,L,first,True,False,raw-mathys-2026-09-29
1.2.826.0.1.3680043.8.498.18092766733837308394607532608319746043,1.2.826.0.1.3680043.8.498.12634367675822811374273849655485884755,lat_centre,1.2.826.0.1.3680043.8.498.12980872694062442834417732727476738582,21,367.35,262.55,248.568,174.517,-131.919,-23.536,0.082,R,DICOM Laterality tag,R,R,last,True,False,raw-mathys-2026-09-29
1.2.826.0.1.3680043.8.498.23703817737293327679300330167234268929,1.2.826.0.1.3680043.8.498.72244206582468511055201973555490859607,lat_centre,1.2.826.0.1.3680043.8.498.81234620998662517013821896380715090272,26,312.03,350.28,493.348,564.734,-73.914,14.704,33.863,R,DICOM Laterality tag,R,R,last,True,False,raw-mathys-2026-09-29
1.2.826.0.1.3680043.8.498.12987428318535758055829100395092244687,1.2.826.0.1.3680043.8.498.10719311413560785992590737290801120809,lat_centre,1.2.826.0.1.3680043.8.498.82107443824004512503056986837164932385,8,336.53,263.34,228.397,173.505,105.056,-28.263,14.407,L,DICOM Laterality tag,L,L,first,True,False,raw-mathys-2026-09-29
1.2.826.0.1.3680043.8.498.59426134288436219215525445839849588348,1.2.826.0.1.3680043.8.498.12128341906874561271843580355215208028,lat_centre,1.2.826.0.1.3680043.8.498.12034262357213967431399036572823326014,9,304.91,295.75,480.059,462.964,115.014,-37.981,-44.559,L,DICOM Laterality tag,L,L,first,True,False,raw-mathys-2026-09-29
1.2.826.0.1.3680043.8.498.46700895961751940291334058396794206479,1.2.826.0.1.3680043.8.498.94778906892265843768218055788860870259,lat_centre,1.2.826.0.1.3680043.8.498.10538230036323988316093484916653106928,22,325.46,309.18,271.217,257.65,-101.532,66.28,-52.752,R,DICOM Laterality tag,R,R,last,True,False,raw-mathys-2026-09-29
1.2.826.0.1.3680043.8.498.12765434812409174436720333864278447770,1.2.826.0.1.3680043.8.498.11901673435198341845898956964320977795,lat_centre,1.2.826.0.1.3680043.8.498.10477939616636758600405447202412587502,10,315.19,333.68,176.994,188.55,104.987,-5.122,-14.723,L,DICOM Laterality tag,L,L,first,True,False,raw-mathys-2026-09-29
1.2.826.0.1.3680043.8.498.31482725509752510642857072190147133461,1.2.826.0.1.3680043.8.498.45564313869439111113290360368037245527,lat_centre,1.2.826.0.1.3680043.8.498.98251548346355814273097443265127327190,9,328.62,312.34,222.465,210.255,113.868,-21.799,15.016,L,DICOM Laterality tag,L,L,first,True,False,raw-mathys-2026-09-29
1.2.826.0.1.3680043.8.498.67284681623851829916403311739987186159,1.2.826.0.1.3680043.8.498.15423333056365846753634300181023910407,lat_centre,1.2.826.0.1.3680043.8.498.60559629980268260727649303740619307610,8,382.37,321.04,383.217,316.138,131.447,-44.383,-12.972,L,DICOM Laterality tag,L,L,first,True,False,raw-mathys-2026-09-29
1.2.826.0.1.3680043.8.498.41587640208769641326416798167574152049,1.2.826.0.1.3680043.8.498.47158657277873538940752615960387390178,lat_centre,1.2.826.0.1.3680043.8.498.13020759299138009623640049901664051117,21,341.27,311.55,386.587,349.438,-107.83,4.4,-18.691,R,DICOM Laterality tag,R,R,last,True,False,raw-mathys-2026-09-29
1.2.826.0.1.3680043.8.498.53025489296610571044246428509154950855,1.2.826.0.1.3680043.8.498.95214721646826708158720693660974583961,lat_centre,1.2.826.0.1.3680043.8.498.99646232296915247863482728120098113124,23,385.53,291.79,265.147,194.843,-102.166,-5.138,-15.81,R,DICOM Laterality tag,R,R,last,True,False,raw-mathys-2026-09-29
1.2.826.0.1.3680043.8.498.74714018385278253151175853998945654373,1.2.826.0.1.3680043.8.498.53211051985426633949463280825085920960,lat_centre,1.2.826.0.1.3680043.8.498.49079308629143130745792386698314631687,6,313.61,320.25,220.008,225.195,148.195,-44.345,-16.887,L,DICOM Laterality tag,L,L,first,True,False,raw-mathys-2026-09-29
1.2.826.0.1.3680043.8.498.68304853223764870957854101604223809218,1.2.826.0.1.3680043.8.498.10691364585849580554421330988389048401,lat_centre,1.2.826.0.1.3680043.8.498.33755895550332086331857369930434344983,17,330.99,272.04,224.243,180.03,-98.543,-28.711,0.389,R,DICOM Laterality tag,R,R,last,True,False,raw-mathys-2026-09-29
1.2.826.0.1.3680043.8.498.27184343589256623289925252380526385858,1.2.826.0.1.3680043.8.498.70188212361538589785223436171200278071,lat_centre,1.2.826.0.1.3680043.8.498.10894982418305158676631777185662957134,7,383.16,321.83,212.867,178.794,94.186,15.494,-46.295,L,DICOM Laterality tag,L,L,first,True,False,raw-mathys-2026-09-29
1.2.826.0.1.3680043.8.498.99813269006669714758887909212386431934,1.2.826.0.1.3680043.8.498.55075381196663522697202704870355310884,lat_centre,1.2.826.0.1.3680043.8.498.84910638803162590290291668588347235033,6,384.74,325.78,275.578,229.516,145.471,-36.33,-31.566,L,DICOM Laterality tag,L,L,first,True,False,raw-mathys-2026-09-29
1.2.826.0.1.3680043.8.498.64752580249608101443758975861213065048,1.2.826.0.1.3680043.8.498.85425071758173895031556449522651678168,lat_centre,1.2.826.0.1.3680043.8.498.40170341754747040912427859606579575948,23,383.16,306.81,554.6,431.35,-105.356,-25.157,-45.039,R,DICOM Laterality tag,R,R,last,True,False,raw-mathys-2026-09-29
1.2.826.0.1.3680043.8.498.55061039227197546099231336400032878562,1.2.826.0.1.3680043.8.498.27880980106461599712562949123367235748,lat_centre,1.2.826.0.1.3680043.8.498.20912522060820438257535323317534352413,23,380.79,272.04,211.55,151.133,-110.792,-7.975,-28.997,R,DICOM Laterality tag,R,R,last,True,False,raw-mathys-2026-09-29
1.2.826.0.1.3680043.8.498.11382021393803389951964005983002209238,1.2.826.0.1.3680043.8.498.91903627435354016135777336404933338336,lat_centre,1.2.826.0.1.3680043.8.498.33650545102761502962903095672279747741,8,340.48,315.5,385.6,354.375,94.957,-19.291,7.408,L,DICOM Laterality tag,L,L,first,True,False,raw-mathys-2026-09-29
1.2.826.0.1.3680043.8.498.67498362978754615554767658151787188674,1.2.826.0.1.3680043.8.498.12556389596317049931980418068213540723,lat_centre,1.2.826.0.1.3680043.8.498.11896423204148624537581863585239153104,24,306.49,304.44,247.491,245.829,-103.822,-26.671,21.64,R,DICOM Laterality tag,R,R,last,True,False,raw-mathys-2026-09-29
1.2.826.0.1.3680043.8.498.65977711270942843864266358352913175672,1.2.826.0.1.3680043.8.498.11845701396401829270308980769058514482,lat_centre,1.2.826.0.1.3680043.8.498.90370717992349509583003998777630710179,18,300.96,292.58,294.175,285.009,-123.899,-68.862,-31.76,R,DICOM Laterality tag,R,R,last,True,False,raw-mathys-2026-09-29
1.2.826.0.1.3680043.8.498.38981318408220047366318316620365040799,1.2.826.0.1.3680043.8.498.11388328869194382821102584221214456275,lat_centre,1.2.826.0.1.3680043.8.498.97265683065205552436875808365929442701,6,362.61,294.95,201.45,163.861,114.373,15.134,-31.241,L,DICOM Laterality tag,L,L,first,True,False,raw-mathys-2026-09-29
1.2.826.0.1.3680043.8.498.89423600201830685256510321877396547497,1.2.826.0.1.3680043.8.498.11244404913868331637421697086402685108,lat_centre,1.2.826.0.1.3680043.8.498.81266488427868810162568590470882281395,22,330.2,284.68,458.611,395.389,-132.129,-44.731,11.423,R,DICOM Laterality tag,R,R,last,True,False,raw-mathys-2026-09-29
1.2.826.0.1.3680043.8.498.68504220056564878621959394439671931747,1.2.826.0.1.3680043.8.498.73540242461191250812646859309355703332,lat_centre,1.2.826.0.1.3680043.8.498.48730343473637116502244266169163510675,10,346.8,307.6,236.1,206.7,105.255,-8.277,-22.564,L,DICOM Laterality tag,L,L,first,True,False,raw-mathys-2026-09-29
1.2.826.0.1.3680043.8.498.18389676218363070462526838642303976332,1.2.826.0.1.3680043.8.498.11534431000967639894324482743361512739,lat_centre,1.2.826.0.1.3680043.8.498.54092389118482041176326595663246224295,10,342.85,309.97,233.138,208.478,106.635,-5.175,-6.962,L,DICOM Laterality tag,L,L,first,True,False,raw-mathys-2026-09-29
1.2.826.0.1.3680043.8.498.13173050135651736408720687361834045815,1.2.826.0.1.3680043.8.498.26888972423610830962426547991122357124,lat_centre,1.2.826.0.1.3680043.8.498.31410942571477383286216396475835745936,9,336.53,336.05,190.331,190.031,99.469,-18.267,-22.978,L,DICOM Laterality tag,L,L,first,True,False,raw-mathys-2026-09-29
1.2.826.0.1.3680043.8.498.24555528844026121007453886375651403314,1.2.826.0.1.3680043.8.498.11236109009719282400843886712346073372,lat_centre,1.2.826.0.1.3680043.8.498.20162980980217457102839382452324719923,6,387.9,291.79,562.5,406.317,112.919,-34.818,-54.77,L,DICOM Laterality tag,L,L,first,True,False,raw-mathys-2026-09-29
1.2.826.0.1.3680043.8.498.61956863718716027369068406125965902569,1.2.826.0.1.3680043.8.498.19032935397356062721572728429462433090,lat_centre,1.2.826.0.1.3680043.8.498.70847115386364770500797343085426549199,24,296.22,263.34,164.567,146.3,-88.375,-6.593,18.46,R,DICOM Laterality tag,R,R,last,True,False,raw-mathys-2026-09-29
1.2.826.0.1.3680043.8.498.88753415430913291809543943690942744997,1.2.826.0.1.3680043.8.498.68693625313866118434356556638774004302,lat_centre,1.2.826.0.1.3680043.8.498.84845809064665095836245221264371005074,9,306.49,327.36,478.964,513.348,119.753,-50.998,-25.688,L,DICOM Laterality tag,L,L,first,True,False,raw-mathys-2026-09-29
1.2.826.0.1.3680043.8.498.65855247249608663104822603172047250057,1.2.826.0.1.3680043.8.498.10434437183731503926318092924693084202,lat_centre,1.2.826.0.1.3680043.8.498.99299032521135479023511127714552578414,22,330.99,322.62,459.708,448.083,-121.445,-43.218,6.157,R,DICOM Laterality tag,R,R,last,True,False,raw-mathys-2026-09-29
1.2.826.0.1.3680043.8.498.85416107585703628549041626609272707431,1.2.826.0.1.3680043.8.498.83220999489977215221294519339762508279,lat_centre,1.2.826.0.1.3680043.8.498.92466442615750965982593620099725146925,25,299.38,320.25,159.711,172.936,-107.912,-45.976,6.113,R,DICOM Laterality tag,R,R,last,True,False,raw-mathys-2026-09-29
1.2.826.0.1.3680043.8.498.76538737802277241976971950690663079376,1.2.826.0.1.3680043.8.498.13119020158544897993659688688817326204,lat_centre,1.2.826.0.1.3680043.8.498.27416059019341216942930616830631906933,6,337.32,306.02,187.4,170.011,99.97,-2.798,24.5,L,DICOM Laterality tag,L,L,first,True,False,raw-mathys-2026-09-29
1.2.826.0.1.3680043.8.498.10829579914809383212986717269028170263,1.2.826.0.1.3680043.8.498.24206883750835725474267122972011106945,lat_centre,1.2.826.0.1.3680043.8.498.86579160007885696880211582579638210567,8,314.4,339.21,179.337,197.04,95.712,15.541,-7.498,L,DICOM Laterality tag,L,L,first,True,False,raw-mathys-2026-09-29
1.2.826.0.1.3680043.8.498.74872419726042767543822107291861307866,1.2.826.0.1.3680043.8.498.77579609804677320689204666751079543657,lat_centre,1.2.826.0.1.3680043.8.498.97769053657615207504233868195786173374,24,361.82,311.55,502.528,432.708,-129.251,-37.791,-30.856,R,DICOM Laterality tag,R,R,last,True,False,raw-mathys-2026-09-29
1.2.826.0.1.3680043.8.498.46825768767498441994570613185981335949,1.2.826.0.1.3680043.8.498.26168529167492981747184752024253723144,lat_centre,1.2.826.0.1.3680043.8.498.23194290100108290385508814591138809104,24,382.37,281.52,583.509,404.772,-109.58,-42.661,-29.359,R,DICOM Laterality tag,R,R,last,True,False,raw-mathys-2026-09-29
1.2.826.0.1.3680043.8.498.11723286647024326363349453996818420374,1.2.826.0.1.3680043.8.498.46404640525097166232488759105882449606,lat_centre,1.2.826.0.1.3680043.8.498.10979105647518988893522363364199737086,9,328.62,317.08,222.465,213.81,99.241,-13.825,-16.717,L,DICOM Laterality tag,L,L,first,True,False,raw-mathys-2026-09-29
1.2.826.0.1.3680043.8.498.60473167624534682552272469123806503959,1.2.826.0.1.3680043.8.498.39343940764939597791653233042185906809,lat_centre,1.2.826.0.1.3680043.8.498.11083144839742134310028561375340405070,22,285.15,313.92,158.417,174.4,-76.137,5.136,-22.35,R,DICOM Laterality tag,R,R,last,True,False,raw-mathys-2026-09-29
1.2.826.0.1.3680043.8.498.68969263295435881669720950631709959471,1.2.826.0.1.3680043.8.498.11337729390209490819525006507805453550,lat_centre,1.2.826.0.1.3680043.8.498.77173108248865195368529599977234718228,25,362.61,324.2,247.957,219.15,-104.063,-1.007,-59.04,R,DICOM Laterality tag,R,R,last,True,False,raw-mathys-2026-09-29
1.2.826.0.1.3680043.8.498.68328371080087298795966933114044350359,1.2.826.0.1.3680043.8.498.12162807264830476201820384084829011924,lat_centre,1.2.826.0.1.3680043.8.498.91827089202871327757410193841170882121,6,346.8,295.75,154.133,131.444,100.784,8.345,-36.815,L,DICOM Laterality tag,L,L,first,True,False,raw-mathys-2026-09-29
1.2.826.0.1.3680043.8.498.49481811111224238761880576486796603139,1.2.826.0.1.3680043.8.498.66423208355433230860832897014234953799,lat_centre,1.2.826.0.1.3680043.8.498.47400801068741007176662369915086471390,26,330.2,331.31,186.375,187.069,-91.516,-8.359,-13.923,R,DICOM Laterality tag,R,R,last,True,False,raw-mathys-2026-09-29
1.2.826.0.1.3680043.8.498.12824438254096860470348581093672563751,1.2.826.0.1.3680043.8.498.22423481667587071732768233817141384558,lat_centre,1.2.826.0.1.3680043.8.498.68162361236111834179904509551074695767,9,342.85,291.79,271.994,227.316,96.077,-4.363,-21.695,L,DICOM Laterality tag,L,L,first,True,False,raw-mathys-2026-09-29
1.2.826.0.1.3680043.8.498.13042847643086819857036458569632034999,1.2.826.0.1.3680043.8.498.88024536087331137445546377833764880721,lat_centre,1.2.826.0.1.3680043.8.498.13043431994714064049814079945983546629,21,365.77,306.81,417.212,343.512,-112.418,-10.726,-42.843,R,DICOM Laterality tag,R,R,last,True,False,raw-mathys-2026-09-29
1.2.826.0.1.3680043.8.498.79565393323323007178523850093527250842,1.2.826.0.1.3680043.8.498.24370456519764002841561390995439205373,lat_centre,1.2.826.0.1.3680043.8.498.22806631417856517675923460676342296732,5,356.29,276.78,509.817,381.3,111.454,-54.055,-8.084,L,DICOM Laterality tag,L,L,first,True,False,raw-mathys-2026-09-29
1.2.826.0.1.3680043.8.498.90227414485305096825508911050013279704,1.2.826.0.1.3680043.8.498.25683286594782661132291696701214661713,lat_centre,1.2.826.0.1.3680043.8.498.12590024875612377605652927517671778360,5,342.85,294.95,318.85,270.95,147.184,-33.08,-21.926,L,DICOM Laterality tag,L,L,first,True,False,raw-mathys-2026-09-29
1.2.826.0.1.3680043.8.498.89935384074170571164295050203650829722,1.2.826.0.1.3680043.8.498.13386579724675773020342929098138893284,lat_centre,1.2.826.0.1.3680043.8.498.12468450923545211942240224387919427397,22,390.27,269.66,268.702,178.245,-99.85,7.027,-34.633,R,DICOM Laterality tag,R,R,last,True,False,raw-mathys-2026-09-29
1.2.826.0.1.3680043.8.498.45072896942121803896760563154385918032,1.2.826.0.1.3680043.8.498.45377129434639142257390125991722644142,lat_centre,1.2.826.0.1.3680043.8.498.33383714888687864743827108919786549454,6,352.33,289.42,430.849,353.74,142.737,-53.539,0.405,L,DICOM Laterality tag,L,L,first,True,False,raw-mathys-2026-09-29
1.2.826.0.1.3680043.8.498.23043120269252616884307662769766701449,1.2.826.0.1.3680043.8.498.86012814429464121056174275143820312401,lat_centre,1.2.826.0.1.3680043.8.498.28393361595096560573023667170078775787,8,356.29,300.49,205.527,168.327,136.444,-39.101,-6.619,L,DICOM Laterality tag,L,L,first,True,False,raw-mathys-2026-09-29
1.2.826.0.1.3680043.8.498.79267465462008228906382361587050826784,1.2.826.0.1.3680043.8.498.48337862714240178292811025027436824962,lat_centre,1.2.826.0.1.3680043.8.498.10512700776379492427652236618859544118,24,346.01,309.18,235.507,207.885,-133.481,-3.422,-5.58,R,DICOM Laterality tag,R,R,last,True,False,raw-mathys-2026-09-29
1.2.826.0.1.3680043.8.498.59954207362160100069708115719895503197,1.2.826.0.1.3680043.8.498.10062461076000933362424628266183945811,lat_centre,1.2.826.0.1.3680043.8.498.75364544109330252873299399524607722008,8,338.11,294.95,455.228,394.31,94.857,0.154,-25.186,L,DICOM Laterality tag,L,L,first,True,False,raw-mathys-2026-09-29
1.2.826.0.1.3680043.8.498.93728117237268000947508816107096388086,1.2.826.0.1.3680043.8.498.21019285569066037405691124338811870024,lat_centre,1.2.826.0.1.3680043.8.498.12078189342384010753664161522513239600,22,353.12,319.46,570.035,507.214,-101.664,-43.896,-20.408,R,DICOM Laterality tag,R,R,last,True,False,raw-mathys-2026-09-29
1.2.826.0.1.3680043.8.498.45968957856865486437256472516713628614,1.2.826.0.1.3680043.8.498.32757549991898480192262510893769798869,lat_centre,1.2.826.0.1.3680043.8.498.32838142503621531278587646040699362072,22,286.74,344.75,446.424,542.0,-113.622,-50.225,15.967,R,DICOM Laterality tag,R,R,last,True,False,raw-mathys-2026-09-29
1.2.826.0.1.3680043.8.498.12553010776519233077752150342664160826,1.2.826.0.1.3680043.8.498.46993622175764294061913442689518216662,lat_centre,1.2.826.0.1.3680043.8.498.13369912425135886182162339239559637803,21,340.48,301.28,289.2,252.45,-137.13,-27.861,-32.475,R,DICOM Laterality tag,R,R,last,True,False,raw-mathys-2026-09-29
1.2.826.0.1.3680043.8.498.36131369236532190338276701919104598475,1.2.826.0.1.3680043.8.498.13156006894964793586674452905449295705,lat_centre,1.2.826.0.1.3680043.8.498.12459811081377374628231780059906304538,7,324.67,306.02,365.838,342.525,82.876,-14.736,-26.288,L,DICOM Laterality tag,L,L,first,True,False,raw-mathys-2026-09-29
1.2.826.0.1.3680043.8.498.87560916423885591029120178291827033868,1.2.826.0.1.3680043.8.498.11943900250842666704550057813255762090,lat_centre,1.2.826.0.1.3680043.8.498.69014087284745148542565001704690303809,4,378.41,327.36,352.375,297.957,24.594,24.237,-61.466,L,DICOM Laterality tag,L,L,first,True,False,raw-mathys-2026-09-29
1.2.826.0.1.3680043.8.498.11506642732332295874076832453198901115,1.2.826.0.1.3680043.8.498.23012285169187003454581778719951147121,lat_centre,1.2.826.0.1.3680043.8.498.12061066223250699383294211202410341682,31,387.11,312.34,301.086,242.931,-111.902,-31.53,-51.501,R,DICOM Laterality tag,R,R,last,True,False,raw-mathys-2026-09-29
1.2.826.0.1.3680043.8.498.43967752580489865323542041346927244370,1.2.826.0.1.3680043.8.498.11250269653635349864572039008259600900,lat_centre,1.2.826.0.1.3680043.8.498.85963363939386317763861425607276303378,23,293.85,317.08,237.487,257.289,-104.933,0.82,-51.449,R,DICOM Laterality tag,R,R,last,True,False,raw-mathys-2026-09-29
1.2.826.0.1.3680043.8.498.78574437345603052437892513165832297960,1.2.826.0.1.3680043.8.498.12984100461844299299126160979121635428,lat_centre,1.2.826.0.1.3680043.8.498.74954231749511483312082711267961483268,8,385.53,290.21,522.16,387.619,90.012,5.775,-56.722,L,DICOM Laterality tag,L,L,first,True,False,raw-mathys-2026-09-29
1.2.826.0.1.3680043.8.498.35526385429946467546636621603749416429,1.2.826.0.1.3680043.8.498.46272407953527446422420930984860569492,lat_centre,1.2.826.0.1.3680043.8.498.14424958517860831623346584920085902338,18,307.28,285.47,206.46,190.103,-102.322,-25.641,-29.391,R,DICOM Laterality tag,R,R,last,True,False,raw-mathys-2026-09-29
1.2.826.0.1.3680043.8.498.90764713690393618577990540005126771712,1.2.826.0.1.3680043.8.498.55699851854079148212842906508381094797,lat_centre,1.2.826.0.1.3680043.8.498.58425956821103446299590994559605554661,7,330.2,336.05,188.133,192.033,125.157,0.343,-13.59,L,DICOM Laterality tag,L,L,first,True,False,raw-mathys-2026-09-29
1.2.826.0.1.3680043.8.498.37833587429731221455928642963031995680,1.2.826.0.1.3680043.8.498.24027939485299249865408996288050986555,lat_centre,1.2.826.0.1.3680043.8.498.15649914908609705674438211031355574377,24,308.86,317.87,224.949,232.269,-124.344,-24.983,3.822,R,DICOM Laterality tag,R,R,last,True,False,raw-mathys-2026-09-29
1.2.826.0.1.3680043.8.498.73194579460722181989151410198309642266,1.2.826.0.1.3680043.8.498.41456013457932567959085421191712998624,lat_centre,1.2.826.0.1.3680043.8.498.13348484002840115977553439146583972546,24,293.85,301.28,459.418,473.285,-115.765,-57.635,-26.943,R,DICOM Laterality tag,R,R,last,True,False,raw-mathys-2026-09-29
1.2.826.0.1.3680043.8.498.51426696939581135481763379246368970360,1.2.826.0.1.3680043.8.498.11893732387470280974464876066930374509,lat_centre,1.2.826.0.1.3680043.8.498.57039814839695337677616371881418723391,24,372.88,320.25,255.66,216.188,-103.162,-9.811,-2.646,R,DICOM Laterality tag,R,R,last,True,False,raw-mathys-2026-09-29
1.2.826.0.1.3680043.8.498.34206043272866138622475050809785944941,1.2.826.0.1.3680043.8.498.29448313663492694744412304610626305465,lat_centre,1.2.826.0.1.3680043.8.498.11686201960224587860659522305317142444,6,334.16,260.18,185.644,144.544,130.024,3.613,-32.786,L,DICOM Laterality tag,L,L,first,True,False,raw-mathys-2026-09-29
1.2.826.0.1.3680043.8.498.74688733778107958348746767768064374883,1.2.826.0.1.3680043.8.498.30922608911708960383802926414132141395,lat_centre,1.2.826.0.1.3680043.8.498.99419509855199176632130428170405707535,7,338.9,309.18,383.625,346.475,94.914,-8.087,-17.198,L,DICOM Laterality tag,L,L,first,True,False,raw-mathys-2026-09-29
1.2.826.0.1.3680043.8.498.54030363830629950591221870797594277092,1.2.826.0.1.3680043.8.498.82366608131282271044299469149685051883,lat_centre,1.2.826.0.1.3680043.8.498.77982123009896938036392420005899852327,7,312.82,309.97,219.391,217.164,142.131,-36.76,-20.992,L,DICOM Laterality tag,L,L,first,True,False,raw-mathys-2026-09-29
1.2.826.0.1.3680043.8.498.56893426177755960410197244250599230068,1.2.826.0.1.3680043.8.498.12803798876611443537134123459680989921,lat_centre,1.2.826.0.1.3680043.8.498.45591791859984868471599058882170704667,7,349.96,334.47,325.96,310.47,138.435,-35.917,-11.96,L,DICOM Laterality tag,L,L,first,True,False,raw-mathys-2026-09-29
1.2.826.0.1.3680043.8.498.18518393141873346710197645305647124682,1.2.826.0.1.3680043.8.498.68410686088458089786488118354041073133,lat_centre,1.2.826.0.1.3680043.8.498.50928315207751263584247756613521822595,8,304.12,347.12,246.241,282.896,102.339,-7.317,34.838,L,DICOM Laterality tag,L,L,first,True,False,raw-mathys-2026-09-29
1.2.826.0.1.3680043.8.498.13068696303639759696458130704554709416,1.2.826.0.1.3680043.8.498.35887929426892981666010445863504137695,lat_centre,1.2.826.0.1.3680043.8.498.25684484639131407441320453036898696152,23,293.85,334.47,237.487,272.112,-104.235,2.051,-54.975,R,DICOM Laterality tag,R,R,last,True,False,raw-mathys-2026-09-29
1.2.826.0.1.3680043.8.498.11604138460812393624691789275263090511,1.2.826.0.1.3680043.8.498.12977043085895407399669296659191222802,lat_centre,1.2.826.0.1.3680043.8.498.82495183382887595745850071527148991285,26,346.8,311.55,236.1,209.663,-113.316,-10.427,-32.304,R,DICOM Laterality tag,R,R,last,True,False,raw-mathys-2026-09-29
1.2.826.0.1.3680043.8.498.62693151030819598514729637644804213983,1.2.826.0.1.3680043.8.498.13028465092536707248894452561135886108,lat_centre,1.2.826.0.1.3680043.8.498.44996892193107548445828718869896712436,27,315.98,296.54,423.993,396.554,-101.678,-0.924,5.874,R,DICOM Laterality tag,R,R,last,True,False,raw-mathys-2026-09-29
1.2.826.0.1.3680043.8.498.13054766954092919774634499780241210835,1.2.826.0.1.3680043.8.498.11809880785037741727076940023068911522,lat_centre,1.2.826.0.1.3680043.8.498.13248126130745030260554572093362231074,5,325.46,290.21,187.229,162.077,110.446,6.907,-41.78,L,DICOM Laterality tag,L,L,first,True,False,raw-mathys-2026-09-29
1.2.826.0.1.3680043.8.498.71084400653875583977681616665093993652,1.2.826.0.1.3680043.8.498.65027240114429236388834400575683429276,lat_centre,1.2.826.0.1.3680043.8.498.12744079699642625600687960523131868156,8,278.83,310.76,431.386,490.977,115.577,-56.405,7.044,L,DICOM Laterality tag,L,L,first,True,False,raw-mathys-2026-09-29
1.2.826.0.1.3680043.8.498.81031057654953109295788159826841315360,1.2.826.0.1.3680043.8.498.73276210989115985431949558876171649881,lat_centre,1.2.826.0.1.3680043.8.498.41929833668803117806037822811015780619,9,356.29,295.75,509.817,412.917,114.081,-41.357,-27.466,L,DICOM Laterality tag,L,L,first,True,False,raw-mathys-2026-09-29
1.2.826.0.1.3680043.8.498.36470828078108352859868482351276699300,1.2.826.0.1.3680043.8.498.89252997423388045143398863865069719380,lat_centre,1.2.826.0.1.3680043.8.498.53113416544131008533886085350910976799,10,354.7,313.92,572.984,496.875,130.152,-36.438,-9.089,L,DICOM Laterality tag,L,L,first,True,False,raw-mathys-2026-09-29
1.2.826.0.1.3680043.8.498.11052720536194493057619720620119095739,1.2.826.0.1.3680043.8.498.70011032679948221644257986251535029294,lat_centre,1.2.826.0.1.3680043.8.498.12463491174258931131251716400438084345,21,317.56,331.31,214.17,224.483,-113.618,-11.403,-24.03,R,DICOM Laterality tag,R,R,last,True,False,raw-mathys-2026-09-29
1.2.826.0.1.3680043.8.498.97107472223824971578324157203273471706,1.2.826.0.1.3680043.8.498.12315475229150265212576423408888578018,lat_centre,1.2.826.0.1.3680043.8.498.10348885971670688321955640529198575297,10,326.25,309.97,239.078,225.851,101.216,-7.617,-43.574,L,DICOM Laterality tag,L,L,first,True,False,raw-mathys-2026-09-29
1.2.826.0.1.3680043.8.498.20266523169651039493799975212435349766,1.2.826.0.1.3680043.8.498.50647908153013537700151417449987949262,lat_centre,1.2.826.0.1.3680043.8.498.10440149097669212754950592139463596004,6,373.67,296.54,256.252,198.405,106.126,-2.599,-35.254,L,DICOM Laterality tag,L,L,first,True,False,raw-mathys-2026-09-29
1.2.826.0.1.3680043.8.498.58381033890285289577066078050126251787,1.2.826.0.1.3680043.8.498.42989814437207837546707479511850861608,lat_centre,1.2.826.0.1.3680043.8.498.12460049768156726389756918943275451265,9,319.14,310.76,499.805,485.999,110.699,-54.305,-20.259,L,DICOM Laterality tag,L,L,first,True,False,raw-mathys-2026-09-29
1.2.826.0.1.3680043.8.498.89720428711655200442262503508409163392,1.2.826.0.1.3680043.8.498.50888617151315847228192334012755793236,lat_centre,1.2.826.0.1.3680043.8.498.68491331034783496130137819942169817570,20,359.45,304.44,581.849,479.182,-103.031,-46.023,-29.487,R,DICOM Laterality tag,R,R,last,True,False,raw-mathys-2026-09-29
1.2.826.0.1.3680043.8.498.98143909986671737130865120569673002676,1.2.826.0.1.3680043.8.498.40449769170768949325318643683678731262,lat_centre,1.2.826.0.1.3680043.8.498.27311555147084165804209913479837665117,19,368.93,300.49,368.517,293.661,-144.77,-56.839,-49.298,R,DICOM Laterality tag,R,R,last,True,False,raw-mathys-2026-09-29
1.2.826.0.1.3680043.8.498.13088550794087945662322609097092458487,1.2.826.0.1.3680043.8.498.11074249433466093812155625661119382994,lat_centre,1.2.826.0.1.3680043.8.498.86891868788727918138692668390115232714,9,358.66,298.91,199.256,166.061,105.455,20.124,-41.418,L,DICOM Laterality tag,L,L,first,True,False,raw-mathys-2026-09-29
1.2.826.0.1.3680043.8.498.10485026284343436524865922231113748546,1.2.826.0.1.3680043.8.498.44474234556055905840290144794875358005,lat_centre,1.2.826.0.1.3680043.8.498.73627621081845397942863762757551408800,8,321.51,308.39,180.944,172.744,120.296,-8.146,-3.733,L,DICOM Laterality tag,L,L,first,True,False,raw-mathys-2026-09-29
1.2.826.0.1.3680043.8.498.51379389400506715529323532959275254794,1.2.826.0.1.3680043.8.498.12586060336129580978184404652291508740,lat_centre,1.2.826.0.1.3680043.8.498.59438505919115827916810162519882864322,10,299.38,301.28,166.322,167.378,86.509,27.927,-2.395,L,DICOM Laterality tag,L,L,first,True,False,raw-mathys-2026-09-29
1.2.826.0.1.3680043.8.498.49583348226932515919984811293816232513,1.2.826.0.1.3680043.8.498.67623103161440943482632370016484869100,lat_centre,1.2.826.0.1.3680043.8.498.68511011635923285973684594765278865196,21,326.25,309.97,453.125,430.514,-109.984,-55.097,28.198,R,DICOM Laterality tag,R,R,last,True,False,raw-mathys-2026-09-29
1.2.826.0.1.3680043.8.498.99493257395588095270208592176887619190,1.2.826.0.1.3680043.8.498.30586916288184089949364224280112178476,lat_centre,1.2.826.0.1.3680043.8.498.20880161855704792916611133734072987684,24,359.45,325.78,519.083,518.967,-137.615,-51.85,-26.458,R,DICOM Laterality tag,R,R,last,True,False,raw-mathys-2026-09-29
1.2.826.0.1.3680043.8.498.27737101979486411869208236811885597351,1.2.826.0.1.3680043.8.498.10517009190595642577653292741718010192,lat_centre,1.2.826.0.1.3680043.8.498.11598890319463959945922676648926715892,21,330.2,299.7,372.75,334.625,-102.451,-7.98,6.313,R,DICOM Laterality tag,R,R,last,True,False,raw-mathys-2026-09-29
1.2.826.0.1.3680043.8.498.69141410772327587821159027820329185006,1.2.826.0.1.3680043.8.498.43388316874692092214590338416994212300,lat_centre,1.2.826.0.1.3680043.8.498.58296721911373315772873170786506387935,8,307.28,310.76,484.483,490.977,100.404,-39.845,-26.322,L,DICOM Laterality tag,L,L,first,True,False,raw-mathys-2026-09-29
1.2.826.0.1.3680043.8.498.27324284859290040148888098857880927353,1.2.826.0.1.3680043.8.498.63971202124729391516261039039782889861,lat_centre,1.2.826.0.1.3680043.8.498.55501746400408634800041371611691516212,20,322.3,336.05,268.583,280.042,-137.119,-21.63,-4.397,R,DICOM Laterality tag,R,R,last,True,False,raw-mathys-2026-09-29
1.2.826.0.1.3680043.8.498.60661676782543347731000874708337132276,1.2.826.0.1.3680043.8.498.79440727097090710561312035866280336824,lat_centre,1.2.826.0.1.3680043.8.498.54673419415394637154808006783645705865,8,335.74,277.57,379.675,306.962,92.484,-44.085,5.76,L,DICOM Laterality tag,L,L,first,True,False,raw-mathys-2026-09-29
1.2.826.0.1.3680043.8.498.70691305452244378255646875206864340458,1.2.826.0.1.3680043.8.498.43077138775719195355134064277352537333,lat_centre,1.2.826.0.1.3680043.8.498.87345013724497725093317143042426546129,11,319.14,271.24,251.248,209.335,95.78,-18.668,-1.458,L,DICOM Laterality tag,L,L,first,True,False,raw-mathys-2026-09-29
1.2.826.0.1.3680043.8.498.12305733049746414359748178404911549573,1.2.826.0.1.3680043.8.498.63325345005266608168681716085332282519,lat_centre,1.2.826.0.1.3680043.8.498.12750440262040194045580222297198138631,16,330.99,271.24,327.02,261.669,-126.957,-76.677,11.001,R,DICOM Laterality tag,R,R,last,True,False,raw-mathys-2026-09-29
1.2.826.0.1.3680043.8.498.12559687473583953266143897736224215680,1.2.826.0.1.3680043.8.498.80403581402260561238459876130882112678,lat_centre,1.2.826.0.1.3680043.8.498.59889572016714453625879707163400458064,9,368.93,275.99,498.729,367.548,83.284,-0.576,-44.77,L,DICOM Laterality tag,L,L,first,True,False,raw-mathys-2026-09-29
1.2.826.0.1.3680043.8.498.80726797831040227285328789648680519664,1.2.826.0.1.3680043.8.498.44324972524014279490754731266472011904,lat_centre,1.2.826.0.1.3680043.8.498.47459472701880269102225535794189921235,25,331.78,308.39,224.835,207.292,-102.939,-16.198,-18.241,R,DICOM Laterality tag,R,R,last,True,False,raw-mathys-2026-09-29
1.2.826.0.1.3680043.8.498.33215387283623093392227819856970670071,1.2.826.0.1.3680043.8.498.22055759302623008432187044533870433667,lat_centre,1.2.826.0.1.3680043.8.498.14021473341489968470913755474828416687,6,318.35,300.49,402.68,377.564,136.059,-44.31,-30.468,L,DICOM Laterality tag,L,L,first,True,False,raw-mathys-2026-09-29
1.2.826.0.1.3680043.8.498.11812607848520072826145426247813670653,1.2.826.0.1.3680043.8.498.12959227419893920309267551214050222054,lat_centre,1.2.826.0.1.3680043.8.498.10997069407089695638768440453501870597,26,331.78,304.44,276.483,253.7,-102.343,52.947,-26.552,R,DICOM Laterality tag,R,R,last,True,False,raw-mathys-2026-09-29
1.2.826.0.1.3680043.8.498.68442883836038453562548037358230921748,1.2.826.0.1.3680043.8.498.89141834960996043733885708436424739792,lat_centre,1.2.826.0.1.3680043.8.498.10012400012255646195274637279741587537,6,371.3,334.47,206.278,185.817,124.023,-7.767,-72.9,L,DICOM Laterality tag,L,L,first,True,False,raw-mathys-2026-09-29
1.2.826.0.1.3680043.8.498.50183004658202912273462671442829139110,1.2.826.0.1.3680043.8.498.15794031711526027912087848836970939229,lat_centre,1.2.826.0.1.3680043.8.498.28984320935133442732423704493959348131,24,292.27,303.65,455.535,474.284,-110.127,-54.225,-12.497,R,DICOM Laterality tag,R,R,last,True,False,raw-mathys-2026-09-29
1.2.826.0.1.3680043.8.498.64325734401816269429960464734504322970,1.2.826.0.1.3680043.8.498.10664393847034029110537303841908286361,lat_centre,1.2.826.0.1.3680043.8.498.10101994673461186823840650202590304417,21,357.08,302.86,243.81,203.145,-113.28,-11.216,-17.97,R,DICOM Laterality tag,R,R,last,True,False,raw-mathys-2026-09-29
1.2.826.0.1.3680043.8.498.13136392756016978765204420377500607545,1.2.826.0.1.3680043.8.498.11750428867198073970737667410261445943,lat_centre,1.2.826.0.1.3680043.8.498.42853474016927514536982563772597984332,9,323.88,299.7,228.031,209.141,121.328,-57.511,-4.22,L,DICOM Laterality tag,L,L,first,True,False,raw-mathys-2026-09-29
1.2.826.0.1.3680043.8.498.45033326048521572717771708818514772861,1.2.826.0.1.3680043.8.498.44176471797293319902682057832146935480,lat_centre,1.2.826.0.1.3680043.8.498.28909340736473970324545073217278894945,23,305.7,327.36,173.13,188.585,-92.393,1.924,-8.772,R,DICOM Laterality tag,R,R,last,True,False,raw-mathys-2026-09-29
1.2.826.0.1.3680043.8.498.74222284584657051737421776919599206132,1.2.826.0.1.3680043.8.498.96244790624462197907089717829240493928,lat_centre,1.2.826.0.1.3680043.8.498.19823095173753036027397692510660989614,4,353.91,328.15,252.875,229.083,92.024,-67.582,-20.3,L,DICOM Laterality tag,L,L,first,True,False,raw-mathys-2026-09-29
1.2.826.0.1.3680043.8.498.11923218013055841952315996726408812182,1.2.826.0.1.3680043.8.498.27705902325198695933899006046225854552,lat_centre,1.2.826.0.1.3680043.8.498.14841917829372708418611048776372257131,25,352.33,284.68,240.248,189.51,-99.556,1.048,-16.238,R,DICOM Laterality tag,R,R,last,True,False,raw-mathys-2026-09-29
1.2.826.0.1.3680043.8.498.74282280145383357786409764912398881272,1.2.826.0.1.3680043.8.498.10852820295431225056280652462069348730,lat_centre,1.2.826.0.1.3680043.8.498.52322247533224022947823149238133919119,5,334.16,264.13,185.644,146.739,119.885,17.795,-29.27,L,DICOM Laterality tag,L,L,first,True,False,raw-mathys-2026-09-29
1.2.826.0.1.3680043.8.498.31640159014711750808214354395404624815,1.2.826.0.1.3680043.8.498.13241259743717542076295590925847429014,lat_centre,1.2.826.0.1.3680043.8.498.10434205784981270497924456514166170377,5,372.09,335.26,340.09,303.26,24.942,22.86,-24.905,L,DICOM Laterality tag,L,L,first,True,False,raw-mathys-2026-09-29
1.2.826.0.1.3680043.8.498.48946580946665031852355005294734101132,1.2.826.0.1.3680043.8.498.71137653521806972309735604555464864164,lat_centre,1.2.826.0.1.3680043.8.498.83795758893498035214751200005149079007,7,362.61,283.1,408.081,314.215,134.638,-70.377,-18.724,L,DICOM Laterality tag,L,L,first,True,False,raw-mathys-2026-09-29
1.2.826.0.1.3680043.8.498.98107112397588450345153336193341117589,1.2.826.0.1.3680043.8.498.12059819020529186254768447906836458060,lat_centre,1.2.826.0.1.3680043.8.498.37912010673063229271024683905404267111,8,358.66,281.52,244.995,187.14,107.538,-14.288,-43.48,L,DICOM Laterality tag,L,L,first,True,False,raw-mathys-2026-09-29
1.2.826.0.1.3680043.8.498.11909779134152823550896593167929611759,1.2.826.0.1.3680043.8.498.88717457117883928145971440082662923568,lat_centre,1.2.826.0.1.3680043.8.498.57105828198814393418670672520579566591,21,372.88,312.34,537.467,440.567,-98.978,-33.981,-36.356,R,DICOM Laterality tag,R,R,last,True,False,raw-mathys-2026-09-29
1.2.826.0.1.3680043.8.498.38900640030483599614088224967855884221,1.2.826.0.1.3680043.8.498.42952836062620059040420257106613063088,lat_centre,1.2.826.0.1.3680043.8.498.11574748490869572839498804957446831285,23,305.7,319.46,477.662,500.333,-118.119,-33.484,-27.023,R,DICOM Laterality tag,R,R,last,True,False,raw-mathys-2026-09-29
1.2.826.0.1.3680043.8.498.47036446751578280498105392189811189787,1.2.826.0.1.3680043.8.498.44365526814823394758154069367811819181,lat_centre,1.2.826.0.1.3680043.8.498.71761496931624411766665033031369519120,5,350.75,331.31,239.062,224.483,110.932,-16.216,-40.486,L,DICOM Laterality tag,L,L,first,True,False,raw-mathys-2026-09-29
1.2.826.0.1.3680043.8.498.85475892602877115812059264719695919613,1.2.826.0.1.3680043.8.498.18455026283868130134431137564260104125,lat_centre,1.2.826.0.1.3680043.8.498.43851667071499933658245091760735322671,10,326.25,298.91,438.488,399.899,88.28,12.868,-22.447,L,DICOM Laterality tag,L,L,first,True,False,raw-mathys-2026-09-29
1.2.826.0.1.3680043.8.498.17967978373588651520812399064902037467,1.2.826.0.1.3680043.8.498.24570916710215008507038924693385711643,lat_centre,1.2.826.0.1.3680043.8.498.12420070519337623818150439442795946505,22,320.72,310.76,178.178,172.644,-80.187,18.586,-29.28,R,DICOM Laterality tag,R,R,last,True,False,raw-mathys-2026-09-29
1.2.826.0.1.3680043.8.498.72977302282583186913749000016284027331,1.2.826.0.1.3680043.8.498.14723997014712663988611463218652671509,lat_centre,1.2.826.0.1.3680043.8.498.23444116475873998353458848720078188458,7,323.88,310.76,455.8,437.933,99.204,-29.872,-18.075,L,DICOM Laterality tag,L,L,first,True,False,raw-mathys-2026-09-29
1.2.826.0.1.3680043.8.498.97485476951995325021464683747847126869,1.2.826.0.1.3680043.8.498.77602249307980609671518391501178702118,lat_centre,1.2.826.0.1.3680043.8.498.63749902931974420839219150352038829517,21,321.51,309.18,178.617,171.767,-140.078,-3.944,-29.88,R,DICOM Laterality tag,R,R,last,True,False,raw-mathys-2026-09-29
1.2.826.0.1.3680043.8.498.40837296112545776586904280088902000849,1.2.826.0.1.3680043.8.498.72646914279327534801309947596389854287,lat_centre,1.2.826.0.1.3680043.8.498.97996091792864069708884567339732568910,29,321.51,321.83,428.68,429.107,-113.676,22.19,-34.342,R,DICOM Laterality tag,R,R,last,True,False,raw-mathys-2026-09-29
1.2.826.0.1.3680043.8.498.47870074144891988520855535250618228390,1.2.826.0.1.3680043.8.498.76463723776195899281784860547011633705,lat_centre,1.2.826.0.1.3680043.8.498.59794227430713251552912509004092370472,10,349.96,295.75,238.47,197.812,103.135,-5.411,-1.284,L,DICOM Laterality tag,L,L,first,True,False,raw-mathys-2026-09-29
1.2.826.0.1.3680043.8.498.57342523828166309133982222435655662667,1.2.826.0.1.3680043.8.498.11897028935313192385337412050886041082,lat_centre,1.2.826.0.1.3680043.8.498.32666166955671047939342183370754056416,30,333.37,307.6,190.247,173.067,-148.45,-33.478,-3.973,R,DICOM Laterality tag,R,R,last,True,False,raw-mathys-2026-09-29
1.2.826.0.1.3680043.8.498.46001596547902477402837300565271742663,1.2.826.0.1.3680043.8.498.12193646110983323877425067772498857221,lat_centre,1.2.826.0.1.3680043.8.498.62110229348238063586186949236057476442,8,340.48,328.94,483.467,468.233,102.51,-36.981,-7.713,L,DICOM Laterality tag,L,L,first,True,False,raw-mathys-2026-09-29
1.2.826.0.1.3680043.8.498.81964000393640770822199916465038759069,1.2.826.0.1.3680043.8.498.24946957930623312723336630036422224993,lat_centre,1.2.826.0.1.3680043.8.498.10611688630963335512404942178260827402,26,384.74,270.45,264.555,178.837,-116.247,-19.408,-4.709,R,DICOM Laterality tag,R,R,last,True,False,raw-mathys-2026-09-29
1.2.826.0.1.3680043.8.498.77290477043075828139630734968573461136,1.2.826.0.1.3680043.8.498.11766863910025714885289254628962736093,lat_centre,1.2.826.0.1.3680043.8.498.12486873118275966051953811801346928959,20,386.32,301.28,354.32,269.28,-24.835,8.047,-29.352,R,DICOM Laterality tag,R,R,last,True,False,raw-mathys-2026-09-29
1.2.826.0.1.3680043.8.498.86067849233330188988240710585112183308,1.2.826.0.1.3680043.8.498.11816049407038575014030672113651350128,lat_centre,1.2.826.0.1.3680043.8.498.25340052821630676315145842403405774976,7,327.83,318.67,522.836,505.74,101.497,-29.681,-6.989,L,DICOM Laterality tag,L,L,first,True,False,raw-mathys-2026-09-29
1.2.826.0.1.3680043.8.498.11316091466685605758061778045311969672,1.2.826.0.1.3680043.8.498.76273946509194426938485168880873571658,lat_centre,1.2.826.0.1.3680043.8.498.59662229612799898567514521660663456269,6,395.8,294.95,552.555,395.125,103.322,-31.716,-43.801,L,DICOM Laterality tag,L,L,first,True,False,raw-mathys-2026-09-29
1.2.826.0.1.3680043.8.498.72653666963736486779382314125782779004,1.2.826.0.1.3680043.8.498.11362854644150465317095255496758137250,lat_centre,1.2.826.0.1.3680043.8.498.63306443966756977618708277799102605025,7,364.19,298.12,249.142,199.59,108.372,-4.651,-15.608,L,DICOM Laterality tag,L,L,first,True,False,raw-mathys-2026-09-29
1.2.826.0.1.3680043.8.498.73077380963620788952030569132380549826,1.2.826.0.1.3680043.8.498.71065469650918694377951914612227146270,lat_centre,1.2.826.0.1.3680043.8.498.38289453985922159714445061004495750654,21,324.67,292.58,436.258,390.964,-123.566,-61.221,-7.417,R,DICOM Laterality tag,R,R,last,True,False,raw-mathys-2026-09-29
1.2.826.0.1.3680043.8.498.72191353854496806844040272237700346774,1.2.826.0.1.3680043.8.498.10998825089451117824678710755631375359,lat_centre,1.2.826.0.1.3680043.8.498.85993956029668698724597214592792549363,5,340.48,302.86,289.2,253.931,141.29,-41.629,-15.126,L,DICOM Laterality tag,L,L,first,True,False,raw-mathys-2026-09-29
1.2.826.0.1.3680043.8.498.20184541870535223885310764061146422870,1.2.826.0.1.3680043.8.498.70521700752910770270351352831225078813,lat_centre,1.2.826.0.1.3680043.8.498.90330531109475653467389804335182442987,24,363.4,304.44,239.649,202.389,-108.685,-12.466,-14.48,R,DICOM Laterality tag,R,R,last,True,False,raw-mathys-2026-09-29
1.2.826.0.1.3680043.8.498.82731606763525898032678680051515732914,1.2.826.0.1.3680043.8.498.44510117843291479798041896388308327149,lat_centre,1.2.826.0.1.3680043.8.498.36072924175158328755893124443959128790,7,304.12,317.08,525.385,549.01,114.668,-48.453,-4.548,L,DICOM Laterality tag,L,L,first,True,False,raw-mathys-2026-09-29
1.2.826.0.1.3680043.8.498.37392127307867238524251864751713143683,1.2.826.0.1.3680043.8.498.13144206930098313641221403308323266222,lat_centre,1.2.826.0.1.3680043.8.498.11292030043211946912683274619624824137,6,361.82,321.83,247.365,217.373,109.58,-21.111,-5.711,L,DICOM Laterality tag,L,L,first,True,False,raw-mathys-2026-09-29
1.2.826.0.1.3680043.8.498.62437671010172828772205139640126159272,1.2.826.0.1.3680043.8.498.13135725933598764937203146608237987691,lat_centre,1.2.826.0.1.3680043.8.498.56987976195200580567658319286528573423,7,306.49,275.2,170.272,152.889,100.927,-7.178,31.579,L,DICOM Laterality tag,L,L,first,True,False,raw-mathys-2026-09-29
1.2.826.0.1.3680043.8.498.41662013720606493874198348776219875496,1.2.826.0.1.3680043.8.498.17033866339782537366307796585758861749,lat_centre,1.2.826.0.1.3680043.8.498.33294854074029127228121436471078241846,22,325.46,325.78,264.432,264.705,-99.976,-37.73,-33.521,R,DICOM Laterality tag,R,R,last,True,False,raw-mathys-2026-09-29
1.2.826.0.1.3680043.8.498.35026052487843947230089350615730580521,1.2.826.0.1.3680043.8.498.85423861496971511398342912631293374949,lat_centre,1.2.826.0.1.3680043.8.498.60310643982432866269481634673737093348,6,312.03,297.33,350.037,331.662,104.193,-12.443,4.236,L,DICOM Laterality tag,L,L,first,True,False,raw-mathys-2026-09-29
1.2.826.0.1.3680043.8.498.92326467051364762529119362944559591665,1.2.826.0.1.3680043.8.498.72221254096582024026943543519167294543,lat_centre,1.2.826.0.1.3680043.8.498.11894845005636438312316070100808304077,23,361.03,347.91,584.797,560.311,-100.324,-50.412,-30.088,R,DICOM Laterality tag,R,R,last,True,False,raw-mathys-2026-09-29
1.2.826.0.1.3680043.8.498.50882628969985977810341532747520504841,1.2.826.0.1.3680043.8.498.53198834671678864036803283516457705281,lat_centre,1.2.826.0.1.3680043.8.498.10041730634796691753446449418380661475,8,378.41,310.76,314.41,246.76,110.055,-26.184,-27.614,L,DICOM Laterality tag,L,L,first,True,False,raw-mathys-2026-09-29
1.2.826.0.1.3680043.8.498.77150650601457686196626648868552167695,1.2.826.0.1.3680043.8.498.78287246621641846634551882259333874137,lat_centre,1.2.826.0.1.3680043.8.498.12477949308637974408917324547237671134,5,392.64,305.23,578.4,428.717,106.996,-43.44,-56.35,L,DICOM Laterality tag,L,L,first,True,False,raw-mathys-2026-09-29
1.2.826.0.1.3680043.8.498.76344826994380951498651448092980303697,1.2.826.0.1.3680043.8.498.12790746304889263359684564732794216988,lat_centre,1.2.826.0.1.3680043.8.498.11627091483307635456981538503462104500,24,305.7,347.12,247.588,282.896,-101.106,-13.262,-15.441,R,DICOM Laterality tag,R,R,last,True,False,raw-mathys-2026-09-29
1.2.826.0.1.3680043.8.498.27034189091164693165076510006436405194,1.2.826.0.1.3680043.8.498.11709067061959921301709118093893621555,lat_centre,1.2.826.0.1.3680043.8.498.12552866774893811529596856528757917487,6,395.01,298.12,356.693,265.523,42.837,7.062,-25.471,L,DICOM Laterality tag,L,L,first,True,False,raw-mathys-2026-09-29
1.2.826.0.1.3680043.8.498.55930031395651221279170435293900769500,1.2.826.0.1.3680043.8.498.56537216409438351368489711785653711807,lat_centre,1.2.826.0.1.3680043.8.498.29768371910912297206780702155101658068,28,330.99,312.34,224.243,210.255,-108.83,-25.247,-6.675,R,DICOM Laterality tag,R,R,last,True,False,raw-mathys-2026-09-29
1.2.826.0.1.3680043.8.498.52639459702574533721011212286428487650,1.2.826.0.1.3680043.8.498.11854336614911285190977202152660841370,lat_centre,1.2.826.0.1.3680043.8.498.35349540533896729461832940210237481002,23,325.46,318.67,187.229,182.384,-102.382,-2.145,-6.927,R,DICOM Laterality tag,R,R,last,True,False,raw-mathys-2026-09-29
1.2.826.0.1.3680043.8.498.82925474533853765570570726554869886925,1.2.826.0.1.3680043.8.498.58177959005902972223809723217788007880,lat_centre,1.2.826.0.1.3680043.8.498.83330273388818490095658610727102932462,21,384.74,302.86,440.925,338.575,-106.867,-24.089,-32.919,R,DICOM Laterality tag,R,R,last,True,False,raw-mathys-2026-09-29
1.2.826.0.1.3680043.8.498.82481056562260046738834822905709207128,1.2.826.0.1.3680043.8.498.72178874561594188578353682293925773817,lat_centre,1.2.826.0.1.3680043.8.498.91053264948111849738369140688277607489,18,391.06,281.52,392.722,272.912,-131.533,-52.736,-28.848,R,DICOM Laterality tag,R,R,last,True,False,raw-mathys-2026-09-29
1.2.826.0.1.3680043.8.498.36315811661139684771871696847516662339,1.2.826.0.1.3680043.8.498.46969620048753616814121615771588422379,lat_centre,1.2.826.0.1.3680043.8.498.12450662770367163302348975754768700974,24,327.83,314.71,217.17,208.879,-97.97,29.786,20.125,R,DICOM Laterality tag,R,R,last,True,False,raw-mathys-2026-09-29
1.2.826.0.1.3680043.8.498.96859317329616917022799512740280754327,1.2.826.0.1.3680043.8.498.18842565802003680662093981855116887490,lat_centre,1.2.826.0.1.3680043.8.498.11272032017121012484684981489918900272,7,334.95,316.29,331.352,310.942,129.304,-45.646,-37.847,L,DICOM Laterality tag,L,L,first,True,False,raw-mathys-2026-09-29
1.2.826.0.1.3680043.8.498.40041164441539690764994039690598305675,1.2.826.0.1.3680043.8.498.13383888212045272725159464089845443048,lat_centre,1.2.826.0.1.3680043.8.498.93450350253427774376078159879867400520,26,353.12,319.46,240.84,215.595,-112.183,-16.728,-10.207,R,DICOM Laterality tag,R,R,last,True,False,raw-mathys-2026-09-29
1.2.826.0.1.3680043.8.498.10533568124272062696642461303295694739,1.2.826.0.1.3680043.8.498.88949277510163367479649532465753343087,lat_centre,1.2.826.0.1.3680043.8.498.68948165382683840273766407380953309253,11,327.04,304.44,186.027,170.96,82.616,1.407,-6.47,L,DICOM Laterality tag,L,L,first,True,False,raw-mathys-2026-09-29
1.2.826.0.1.3680043.8.498.66199248385068685539872840826351152652,1.2.826.0.1.3680043.8.498.37003961743486455118514513112661445006,lat_centre,1.2.826.0.1.3680043.8.498.83887227877258941334752993390803636806,9,321.51,311.55,271.416,262.078,142.299,-30.032,-19.304,L,DICOM Laterality tag,L,L,first,True,False,raw-mathys-2026-09-29
1.2.826.0.1.3680043.8.498.11999008448480965933785988718780864948,1.2.826.0.1.3680043.8.498.88527805564018949234362622005652741652,lat_centre,1.2.826.0.1.3680043.8.498.16882924025227013483519765385222993538,26,315.98,326.57,230.734,239.338,-95.701,-6.859,-10.886,R,DICOM Laterality tag,R,R,last,True,False,raw-mathys-2026-09-29
1.2.826.0.1.3680043.8.498.10960770430559425421609885784366918575,1.2.826.0.1.3680043.8.498.10263657348351241577341013406449965514,lat_centre,1.2.826.0.1.3680043.8.498.81726710066775333197148542126218646455,20,368.93,317.08,336.93,285.08,-32.857,13.476,-23.917,R,DICOM Laterality tag,R,R,last,True,False,raw-mathys-2026-09-29
1.2.826.0.1.3680043.8.498.66960891947495601371173426277430301127,1.2.826.0.1.3680043.8.498.92851410459352681137187451033126265691,lat_centre,1.2.826.0.1.3680043.8.498.94177515151498325250546587187206603246,24,304.91,298.12,480.059,467.387,-116.327,-56.094,-1.626,R,DICOM Laterality tag,R,R,last,True,False,raw-mathys-2026-09-29
1.2.826.0.1.3680043.8.498.60736996513214411991331917490659995815,1.2.826.0.1.3680043.8.498.10033005616764317111880819291437805791,lat_centre,1.2.826.0.1.3680043.8.498.54708696627820318910451380948523875137,23,330.99,298.12,280.303,249.488,-104.553,-27.423,-3.078,R,DICOM Laterality tag,R,R,last,True,False,raw-mathys-2026-09-29
1.2.826.0.1.3680043.8.498.11212667888429022863778740306223585731,1.2.826.0.1.3680043.8.498.30364471691161649690685534256178507785,lat_centre,1.2.826.0.1.3680043.8.498.10085633677499217134628510036685100509,7,296.22,323.41,238.507,262.685,66.793,-16.276,27.327,L,DICOM Laterality tag,L,L,first,True,False,raw-mathys-2026-09-29
1.2.826.0.1.3680043.8.498.68806105227826942108149090508198910591,1.2.826.0.1.3680043.8.498.66698686335810612167034405396226803158,lat_centre,1.2.826.0.1.3680043.8.498.95590318170940227537719322219198495371,15,407.66,271.24,281.745,179.43,93.982,-19.71,-42.01,L,DICOM Laterality tag,L,L,first,True,False,raw-mathys-2026-09-29
1.2.826.0.1.3680043.8.498.11060834081463491262807709963877480026,1.2.826.0.1.3680043.8.498.12751804616396515154865178948161070577,lat_centre,1.2.826.0.1.3680043.8.498.96755518995876778684479627408461597018,9,337.32,283.1,454.113,377.584,109.991,-11.477,-23.044,L,DICOM Laterality tag,L,L,first,True,False,raw-mathys-2026-09-29
1.2.826.0.1.3680043.8.498.42847376403722341195083350288786052637,1.2.826.0.1.3680043.8.498.72010284196786089899722256727269667059,lat_centre,1.2.826.0.1.3680043.8.498.86444465743023930284435372127525336128,24,342.85,304.44,190.472,169.133,-78.891,5.749,-14.907,R,DICOM Laterality tag,R,R,last,True,False,raw-mathys-2026-09-29
1.2.826.0.1.3680043.8.498.10352011938574988727803498915608467179,1.2.826.0.1.3680043.8.498.32006019124004338858179305710103575130,lat_centre,1.2.826.0.1.3680043.8.498.10767307227861948462894291717346477969,22,322.3,288.63,447.639,400.875,-134.472,-42.164,-10.393,R,DICOM Laterality tag,R,R,last,True,False,raw-mathys-2026-09-29
1.2.826.0.1.3680043.8.498.67001329390153622359718581388215312710,1.2.826.0.1.3680043.8.498.11440589521369316786417618218835729125,lat_centre,1.2.826.0.1.3680043.8.498.93800332050128722698776945539960743466,12,347.41,306.94,386.011,341.044,129.444,-38.228,-22.602,L,DICOM Laterality tag,L,L,first,True,False,raw-mathys-2026-09-29-b
1.2.826.0.1.3680043.8.498.13879163301346984697246311226647565712,1.2.826.0.1.3680043.8.498.95373142064669926980550385627701697273,lat_centre,1.2.826.0.1.3680043.8.498.92337230131749332100918157962777681918,11,386.15,281.11,429.056,312.344,141.238,-55.371,-30.08,L,DICOM Laterality tag,L,L,first,True,False,raw-mathys-2026-09-29-b
1.2.826.0.1.3680043.8.498.95882731821729917461275694847968503951,1.2.826.0.1.3680043.8.498.94596794449423953090576739103260529071,lat_centre,1.2.826.0.1.3680043.8.498.57156968196667702173797373226661518979,30,353.87,300.48,393.189,333.867,-121.952,-44.758,-28.488,R,DICOM Laterality tag,R,R,last,True,False,raw-mathys-2026-09-29-b
1.2.826.0.1.3680043.8.498.89332108074590559691047812196991368746,1.2.826.0.1.3680043.8.498.62587060935153132124869762200728811294,lat_centre,1.2.826.0.1.3680043.8.498.23225513035469461527863499524125291263,31,374.31,285.42,415.9,317.133,-138.819,-48.304,-19.597,R,DICOM Laterality tag,R,R,last,True,False,raw-mathys-2026-09-29-b
1.2.826.0.1.3680043.8.498.92063841381005962285592592672311044745,1.2.826.0.1.3680043.8.498.21761965181505591413483190011170317901,lat_centre,1.2.826.0.1.3680043.8.498.11446244882804497069381199032684350699,32,362.48,303.71,122.749,102.037,-104.748,-5.626,-16.797,R,DICOM Laterality tag,R,R,last,True,False,raw-mathys-2026-09-29-b
1.2.826.0.1.3680043.8.498.69131433601281694165384475765166382765,1.2.826.0.1.3680043.8.498.12674313096538330554659529722601443307,lat_centre,1.2.826.0.1.3680043.8.498.20925188643218904732953830588361293445,10,350.64,324.16,116.88,108.053,111.893,-15.999,-8.167,L,DICOM Laterality tag,L,L,first,True,False,raw-mathys-2026-09-29-b
1.2.826.0.1.3680043.8.498.50144715912379960437506930683683218333,1.2.826.0.1.3680043.8.498.11351789854955834244598603000682307097,lat_centre,1.2.826.0.1.3680043.8.498.26432384302701429800333480122403401969,30,317.27,272.5,106.816,91.037,-102.956,-25.055,0.208,R,DICOM Laterality tag,R,R,last,True,False,raw-mathys-2026-09-29-b
1.2.826.0.1.3680043.8.498.85137704768728261642637391657270006448,1.2.826.0.1.3680043.8.498.79380868105359858408664610704122401024,lat_centre,1.2.826.0.1.3680043.8.498.70785391724140665602327194285792936520,32,349.56,282.19,388.4,313.544,-143.125,-47.375,7.275,R,DICOM Laterality tag,R,R,last,True,False,raw-mathys-2026-09-29-b
1.2.826.0.1.3680043.8.498.21449012857520712901884874638467532958,1.2.826.0.1.3680043.8.498.78454970986687302386434760922475204291,lat_centre,1.2.826.0.1.3680043.8.498.31537527343516721917819285249592875015,31,367.86,297.26,444.615,362.739,-127.51,-51.647,-16.683,R,DICOM Laterality tag,R,R,last,True,False,raw-mathys-2026-09-29-b
1.2.826.0.1.3680043.8.498.59527896591755229337596505685198957637,1.2.826.0.1.3680043.8.498.48819746971436440712877185218223909649,lat_centre,1.2.826.0.1.3680043.8.498.40102644573864530006114084869331549871,32,388.3,302.64,431.444,336.267,-145.859,-43.748,-39.328,R,DICOM Laterality tag,R,R,last,True,False,raw-mathys-2026-09-29-b
1.2.826.0.1.3680043.8.498.21142867813782396036287673290033987859,1.2.826.0.1.3680043.8.498.84699721584779289756021600343576802417,lat_centre,1.2.826.0.1.3680043.8.498.48492618631540180152022500708181025596,30,349.56,322.01,388.4,357.789,-134.697,-44.737,-15.693,R,DICOM Laterality tag,R,R,last,True,False,raw-mathys-2026-09-29-b
1.2.826.0.1.3680043.8.498.54662745951809363774369202018332309887,1.2.826.0.1.3680043.8.498.21502512122415471154132396810696495728,lat_centre,1.2.826.0.1.3680043.8.498.72637523962482654211468324303160982833,9,359.25,326.31,121.611,110.002,112.333,-1.58,-39.284,L,DICOM Laterality tag,L,L,first,True,False,raw-mathys-2026-09-29-b
1.2.826.0.1.3680043.8.498.21060274255072711241653174133146945101,1.2.826.0.1.3680043.8.498.77773499413028298158971716956176861116,lat_centre,1.2.826.0.1.3680043.8.498.73817236351174635311283191750103241261,31,361.4,303.71,401.556,337.456,-128.206,-42.604,-54.167,R,DICOM Laterality tag,R,R,last,True,False,raw-mathys-2026-09-29-b
1.2.826.0.1.3680043.8.498.77244685031928454051409193776790348219,1.2.826.0.1.3680043.8.498.11103752587330343546225167802723728708,lat_centre,1.2.826.0.1.3680043.8.498.42336411919748510702919539747477408681,30,337.72,289.72,375.244,321.911,-133.428,-51.048,4.777,R,DICOM Laterality tag,R,R,last,True,False,raw-mathys-2026-09-29-b
1.2.826.0.1.3680043.8.498.62030472630193758412620945408364583008,1.2.826.0.1.3680043.8.498.34596199416494017047882974291988170460,lat_centre,1.2.826.0.1.3680043.8.498.74011536953971260450118898073137347333,12,333.42,317.7,370.467,353.0,110.763,-46.818,-3.977,L,DICOM Laterality tag,L,L,first,True,False,raw-mathys-2026-09-29-b
1.2.826.0.1.3680043.8.498.63216944317982327305447295456609309952,1.2.826.0.1.3680043.8.498.12810246090502776344601559593207951054,lat_centre,1.2.826.0.1.3680043.8.498.11659132786911652149988569439991553642,32,348.48,298.33,117.815,100.141,-112.019,-13.876,-19.348,R,DICOM Laterality tag,R,R,last,True,False,raw-mathys-2026-09-29-b
1.2.826.0.1.3680043.8.498.10843463954622076609489312662891432839,1.2.826.0.1.3680043.8.498.12352363451108476518578557153043561806,lat_centre,1.2.826.0.1.3680043.8.498.10071592168926790220453405475890114901,14,381.85,299.41,424.278,332.678,136.991,-43.303,-9.977,L,DICOM Laterality tag,L,L,first,True,False,raw-mathys-2026-09-29-b
1.2.826.0.1.3680043.8.498.11753067309373104365558887398441364695,1.2.826.0.1.3680043.8.498.68556704078503881943701255553130842225,lat_centre,1.2.826.0.1.3680043.8.498.54400350388792390934607520133973939010,32,311.89,290.8,104.92,97.487,-108.738,-24.747,-2.924,R,DICOM Laterality tag,R,R,last,True,False,raw-mathys-2026-09-29-b
1.2.826.0.1.3680043.8.498.13128352910661672966143173193241171100,1.2.826.0.1.3680043.8.498.48022855756395172469243984776724972699,lat_centre,1.2.826.0.1.3680043.8.498.11374302220319035026080765975399852179,31,353.87,275.73,119.715,92.176,-81.12,-23.357,-6.355,R,DICOM Laterality tag,R,R,last,True,False,raw-mathys-2026-09-29-b
1.2.826.0.1.3680043.8.498.11337616353935430160375524217870968575,1.2.826.0.1.3680043.8.498.88835535559101267374596312311000548280,lat_centre,1.2.826.0.1.3680043.8.498.46225851263281858934969814580465394975,11,357.09,290.8,396.767,323.111,128.835,-49.103,-22.236,L,DICOM Laterality tag,L,L,first,True,False,raw-mathys-2026-09-29-b
1.2.826.0.1.3680043.8.498.11532517984322509215429681648257299355,1.2.826.0.1.3680043.8.498.56616439686446505902493514719594694205,lat_centre,1.2.826.0.1.3680043.8.498.59285042652502134623981448975246468417,12,363.55,244.52,123.126,81.176,109.039,-14.546,-40.804,L,DICOM Laterality tag,L,L,first,True,False,raw-mathys-2026-09-29-b
1.2.826.0.1.3680043.8.498.87223930502803944549504594723314220105,1.2.826.0.1.3680043.8.498.64415604709403043101203388403446817631,lat_centre,1.2.826.0.1.3680043.8.498.47899224325729701211559943052514069232,13,365.7,289.72,123.884,97.106,114.188,-11.449,-33.23,L,DICOM Laterality tag,L,L,first,True,False,raw-mathys-2026-09-29-b
1.2.826.0.1.3680043.8.498.46776367027887983105817631582518625639,1.2.826.0.1.3680043.8.498.44959805013741338361863552098125511193,lat_centre,1.2.826.0.1.3680043.8.498.88450643743953282354156805182940570418,14,351.71,285.42,426.275,349.512,129.655,-61.851,-11.322,L,DICOM Laterality tag,L,L,first,True,False,raw-mathys-2026-09-29-b
1.2.826.0.1.3680043.8.498.11353976221682532422630231842008146722,1.2.826.0.1.3680043.8.498.66603810467246182298128269687447626598,lat_centre,1.2.826.0.1.3680043.8.498.12720029386752849548059500926618381178,15,325.88,309.09,109.85,103.933,83.061,3.814,-16.186,L,DICOM Laterality tag,L,L,first,True,False,raw-mathys-2026-09-29-b
1.2.826.0.1.3680043.8.498.12946163460972553911280889205685745877,1.2.826.0.1.3680043.8.498.67231058360731704826012220003158433442,lat_centre,1.2.826.0.1.3680043.8.498.97538547747088944841248861289888351848,12,342.03,252.05,380.033,280.056,141.519,-62.159,-5.303,L,DICOM Laterality tag,L,L,first,True,False,raw-mathys-2026-09-29-b
1.2.826.0.1.3680043.8.498.95984406324600336713471618620285270466,1.2.826.0.1.3680043.8.498.62567007493538614107781700466460031956,lat_centre,1.2.826.0.1.3680043.8.498.43506326830694223359063324295794819766,13,354.94,290.8,394.378,323.111,135.483,-38.287,-5.108,L,DICOM Laterality tag,L,L,first,True,False,raw-mathys-2026-09-29-b
1.2.826.0.1.3680043.8.498.12748840878706905309050091576449488666,1.2.826.0.1.3680043.8.498.89783516856900095974454258996753585863,lat_centre,1.2.826.0.1.3680043.8.498.12339256064020181530225964498522328604,13,377.54,294.03,419.489,326.7,125.293,-39.117,-18.11,L,DICOM Laterality tag,L,L,first,True,False,raw-mathys-2026-09-29-b
1.2.826.0.1.3680043.8.498.62948920639798990757395955917890550512,1.2.826.0.1.3680043.8.498.93176996635026090458318208331253888750,lat_centre,1.2.826.0.1.3680043.8.498.30912406594754222272978447799369687423,33,358.17,300.48,121.23,100.898,-102.43,-25.908,-1.808,R,DICOM Laterality tag,R,R,last,True,False,raw-mathys-2026-09-29-b
1.2.826.0.1.3680043.8.498.95334149193711661424105715330320414755,1.2.826.0.1.3680043.8.498.82889611098294347698306132219305455173,lat_centre,1.2.826.0.1.3680043.8.498.11956251501865545572094418825136494239,14,386.15,295.1,429.056,327.889,137.735,-53.075,-33.642,L,DICOM Laterality tag,L,L,first,True,False,raw-mathys-2026-09-29-b
1.2.826.0.1.3680043.8.498.74461421748415064477531528884191890661,1.2.826.0.1.3680043.8.498.55423237211682778141707490653228429370,lat_centre,1.2.826.0.1.3680043.8.498.77439325159119332779150443438389743371,12,366.78,269.27,407.533,299.189,138.603,-66.878,-7.414,L,DICOM Laterality tag,L,L,first,True,False,raw-mathys-2026-09-29-b
1.2.826.0.1.3680043.8.498.52937412433120578046842194545406797236,1.2.826.0.1.3680043.8.498.65601863785369359262761197393693572845,lat_centre,1.2.826.0.1.3680043.8.498.65391267914285278513059134687710632743,11,360.32,291.87,436.497,356.995,143.133,-55.543,-22.929,L,DICOM Laterality tag,L,L,first,True,False,raw-mathys-2026-09-29-b
1.2.826.0.1.3680043.8.498.10427893579790102216163565692202919399,1.2.826.0.1.3680043.8.498.29579190378448332893530282756381391902,lat_centre,1.2.826.0.1.3680043.8.498.19855593067272186041562971251734365605,33,361.4,281.11,401.556,312.344,-150.76,-60.532,-12.006,R,DICOM Laterality tag,R,R,last,True,False,raw-mathys-2026-09-29-b
1.2.826.0.1.3680043.8.498.16158812105029662172517682642229718094,1.2.826.0.1.3680043.8.498.76937743191974291516102207534993445968,lat_centre,1.2.826.0.1.3680043.8.498.20439564568637151590192378582946907425,14,347.41,294.03,386.011,326.7,135.144,-57.54,10.368,L,DICOM Laterality tag,L,L,first,True,False,raw-mathys-2026-09-29-b
1.2.826.0.1.3680043.8.498.98824066826946884510314135448574304233,1.2.826.0.1.3680043.8.498.11064239783877942433784484527483674874,lat_centre,1.2.826.0.1.3680043.8.498.96581967837871094580173250899373985668,14,335.57,308.02,372.856,342.244,113.32,-48.934,-12.316,L,DICOM Laterality tag,L,L,first,True,False,raw-mathys-2026-09-29-b
1.2.826.0.1.3680043.8.498.81495303185504163367736663647489556517,1.2.826.0.1.3680043.8.498.78036487512048515187944324628335336007,lat_centre,1.2.826.0.1.3680043.8.498.12648625341405323233820729788160509948,14,368.93,286.49,409.922,318.322,140.511,-50.996,-21.981,L,DICOM Laterality tag,L,L,first,True,False,raw-mathys-2026-09-29-b
1.2.826.0.1.3680043.8.498.35542843700847404584397532402313561503,1.2.826.0.1.3680043.8.498.12742241430326195442424996966274249637,lat_centre,1.2.826.0.1.3680043.8.498.12551689330243871557691993847267060069,30,353.87,314.48,393.189,349.422,-138.845,-39.401,-53.867,R,DICOM Laterality tag,R,R,last,True,False,raw-mathys-2026-09-29-b
1.2.826.0.1.3680043.8.498.12260661730837055872432103268905182876,1.2.826.0.1.3680043.8.498.78916935744063016475138246978607789802,lat_centre,1.2.826.0.1.3680043.8.498.72760630894919485793175560131874641117,12,349.56,294.03,388.4,326.7,90.461,-57.315,2.584,L,DICOM Laterality tag,L,L,first,True,False,raw-mathys-2026-09-29-b
1.2.826.0.1.3680043.8.498.11629659616217352895144469980856259097,1.2.826.0.1.3680043.8.498.13234857884747203207671880676206825852,lat_centre,1.2.826.0.1.3680043.8.498.45957674194463956850888055221044253682,31,361.4,271.43,401.556,301.589,-138.234,-46.995,-33.527,R,DICOM Laterality tag,R,R,last,True,False,raw-mathys-2026-09-29-b
1.2.826.0.1.3680043.8.498.47094981922544354899183959858078311972,1.2.826.0.1.3680043.8.498.48845313136724096783205638449897900723,lat_centre,1.2.826.0.1.3680043.8.498.83244323628912025175440301146905510308,31,363.55,275.73,403.944,306.367,-138.226,-49.749,-3.922,R,DICOM Laterality tag,R,R,last,True,False,raw-mathys-2026-09-29-b
1.2.826.0.1.3680043.8.498.38935694477580522005505074220300062204,1.2.826.0.1.3680043.8.498.40588830627651560764792487721569276161,lat_centre,1.2.826.0.1.3680043.8.498.11705452141765861888709234351246333768,13,295.75,319.86,328.611,355.4,131.929,-34.529,-16.191,L,DICOM Laterality tag,L,L,first,True,False,raw-mathys-2026-09-29-b
1.2.826.0.1.3680043.8.498.42609322631348207494943622999125822017,1.2.826.0.1.3680043.8.498.32251701004024308295116121333715518301,lat_centre,1.2.826.0.1.3680043.8.498.56003413707270478490885814569201067301,17,312.97,267.12,278.196,237.44,-105.035,-7.071,6.346,R,geometry (median x = -138 mm),R,R,last,True,False,raw-mathys-2026-09-29-b
1.2.826.0.1.3680043.8.498.12241413500128553133597113709525575494,1.2.826.0.1.3680043.8.498.92537877606998871109135970378645056107,lat_centre,1.2.826.0.1.3680043.8.498.11029243227199689605934667942642370796,19,291.44,294.03,437.805,442.176,-117.189,-34.806,17.687,R,DICOM Laterality tag,R,R,last,True,False,raw-mathys-2026-09-29-b
1.2.826.0.1.3680043.8.498.10532708800468111850607752497432656694,1.2.826.0.1.3680043.8.498.44112310880101671509001224863586298551,lat_centre,1.2.826.0.1.3680043.8.498.97360622447342917554665667559091158803,20,317.27,303.71,354.453,338.492,-127.656,10.321,-6.671,R,geometry (median x = -173 mm),R,R,last,True,False,raw-mathys-2026-09-29-b
1.2.826.0.1.3680043.8.498.96944926470854551064948200936284887742,1.2.826.0.1.3680043.8.498.17089031015917282788228356171917995134,lat_centre,1.2.826.0.1.3680043.8.498.13080481035445474374381396574549540022,32,335.57,294.03,303.57,262.03,-111.068,-15.882,-15.82,R,geometry (median x = -160 mm),R,R,last,True,False,raw-mathys-2026-09-29-b
1.2.826.0.1.3680043.8.498.84007436672323587547274248257117331532,1.2.826.0.1.3680043.8.498.49399931156350465212168524202838649156,lat_centre,1.2.826.0.1.3680043.8.498.27881938765306154384334778521335554106,18,340.95,299.41,303.067,266.142,-100.447,15.602,-26.837,R,geometry (median x = -158 mm),R,R,last,True,False,raw-mathys-2026-09-29-b
1.2.826.0.1.3680043.8.498.13162284470388627411596358366248494046,1.2.826.0.1.3680043.8.498.38370237718563398520922427664639398704,lat_centre,1.2.826.0.1.3680043.8.498.97292257951946766272516624938770539139,33,316.2,316.63,284.2,284.63,-111.024,-19.546,1.742,R,geometry (median x = -151 mm),R,R,last,True,False,raw-mathys-2026-09-29-b
1.2.826.0.1.3680043.8.498.51828180600648126726057100018010765613,1.2.826.0.1.3680043.8.498.11110280190794074816870685652896256970,lat_centre,1.2.826.0.1.3680043.8.498.13204789751330333208414033156558901997,24,429.2,330.62,596.111,459.194,-131.119,-57.635,-8.333,R,DICOM Laterality tag,R,R,last,True,False,raw-mathys-2026-09-29-b
1.2.826.0.1.3680043.8.498.83253778356746892201320443660102495790,1.2.826.0.1.3680043.8.498.27116331186729444306434454746854926036,lat_centre,1.2.826.0.1.3680043.8.498.52682362138207775625528702621895391110,6,347.41,305.87,292.396,255.76,132.035,-54.555,-39.441,L,geometry (median x = 50 mm),L,L,first,True,False,raw-mathys-2026-09-29-b
1.2.826.0.1.3680043.8.498.92758635328468215409701857842011454608,1.2.826.0.1.3680043.8.498.96880994689129267608778107193580452694,lat_centre,1.2.826.0.1.3680043.8.498.66506631897754003318672496967668156212,4,330.19,287.57,148.35,128.298,141.806,-24.204,-31.601,L,geometry (median x = 26 mm),L,L,first,True,False,raw-mathys-2026-09-29-b
1.2.826.0.1.3680043.8.498.81796385087779065457668769443782458844,1.2.826.0.1.3680043.8.498.62908586318660487955104770487688529382,lat_centre,1.2.826.0.1.3680043.8.498.10947399080103939055890618271407264761,18,321.58,277.88,361.975,307.35,-69.545,-3.023,25.221,R,geometry (median x = -124 mm),R,R,last,True,False,raw-mathys-2026-09-29-b
1.2.826.0.1.3680043.8.498.99441773159476751698123795913150660766,1.2.826.0.1.3680043.8.498.12416352477144175733916009485252637740,lat_centre,1.2.826.0.1.3680043.8.498.76728982808311746642246738835437095889,17,312.97,298.33,351.213,332.912,-119.699,5.383,-58.863,R,geometry (median x = -137 mm),R,R,last,True,False,raw-mathys-2026-09-29-b
1.2.826.0.1.3680043.8.498.19821498229702528191367700655079805824,1.2.826.0.1.3680043.8.498.11863647166406143175140124991383502785,lat_centre,1.2.826.0.1.3680043.8.498.13257257702870945609462765626174495334,23,295.96,315.55,206.219,221.523,-139.276,-45.781,-12.833,R,geometry (median x = -187 mm),R,R,last,True,False,raw-mathys-2026-09-29-b
1.2.826.0.1.3680043.8.498.23939313916974849526459717576344063277,1.2.826.0.1.3680043.8.498.64377746410115163216126275635225648263,lat_centre,1.2.826.0.1.3680043.8.498.87054086493489960255212713581989663111,19,305.43,295.1,273.416,263.39,-150.908,-39.783,-35.076,R,geometry (median x = -194 mm),R,R,last,True,False,raw-mathys-2026-09-29-b
1.2.826.0.1.3680043.8.498.35017973257585430544005763350601015208,1.2.826.0.1.3680043.8.498.64369352731798895272474479209187555158,lat_centre,1.2.826.0.1.3680043.8.498.12849310537336283485439958175416239401,6,310.82,266.04,243.967,204.785,108.628,-11.411,6.368,L,geometry (median x = 43 mm),L,L,first,True,False,raw-mathys-2026-09-29-b
1.2.826.0.1.3680043.8.498.19592989024994864431870593504844309885,1.2.826.0.1.3680043.8.498.10999243104292802162073528803301708691,lat_centre,1.2.826.0.1.3680043.8.498.13255382517055666001043441213630021257,6,325.88,296.18,587.76,528.36,74.668,-38.711,-13.331,L,the click's own position in the stack,,L,first,,False,raw-mathys-2026-09-29-b
1.2.826.0.1.3680043.8.498.13575953449958751965232580597585303226,1.2.826.0.1.3680043.8.498.10072118276867498117556502528770891174,lat_centre,1.2.826.0.1.3680043.8.498.11257791533174171744455855671846371440,21,323.73,301.56,435.918,408.668,-156.063,-53.253,-13.086,R,geometry (median x = -209 mm),R,R,last,True,False,raw-mathys-2026-09-29-b
1.2.826.0.1.3680043.8.498.38325494489236992123219618004392575979,1.2.826.0.1.3680043.8.498.68885929783222184735521596918178201593,lat_centre,1.2.826.0.1.3680043.8.498.30816341111308326224662663597534360762,9,330.19,303.71,226.267,205.073,74.879,3.971,-48.889,L,the click's own position in the stack,,L,first,,False,raw-mathys-2026-09-29-b
1.2.826.0.1.3680043.8.498.10442828926117258624043497279351962738,1.2.826.0.1.3680043.8.498.77044855060417156547958783987043808193,lat_centre,1.2.826.0.1.3680043.8.498.74246401557933577847603594782260377119,7,353.87,311.25,298.094,260.505,134.082,-43.547,-18.673,L,geometry (median x = 38 mm),L,L,first,True,False,raw-mathys-2026-09-29-b
1.2.826.0.1.3680043.8.498.87404730020015145302086817782843205171,1.2.826.0.1.3680043.8.498.68272292264218910396961856501685863847,lat_centre,1.2.826.0.1.3680043.8.498.72421391651206548007634653572485241833,22,386.15,277.88,335.054,248.4,-115.255,-0.577,-40.629,R,geometry (median x = -173 mm),R,R,last,True,False,raw-mathys-2026-09-29-b
1.2.826.0.1.3680043.8.498.11689820638581431730501617718741779835,1.2.826.0.1.3680043.8.498.30156440426404040405021093797787083907,lat_centre,1.2.826.0.1.3680043.8.498.81025286025986623252456902944694535493,22,321.58,306.94,226.234,214.797,-130.978,-37.777,-10.221,R,geometry (median x = -163 mm),R,R,last,True,False,raw-mathys-2026-09-29-b
1.2.826.0.1.3680043.8.498.97694479664965569386338738579573728752,1.2.826.0.1.3680043.8.498.69428965420285281156788337232538334783,lat_centre,1.2.826.0.1.3680043.8.498.54084892812783308320149312372981397581,22,290.58,314.48,258.589,282.572,-112.362,67.738,6.533,R,geometry (median x = -124 mm),R,R,last,True,False,raw-mathys-2026-09-29-b
1.2.826.0.1.3680043.8.498.62752755711205966800746994120425231855,1.2.826.0.1.3680043.8.498.86737239586288294617456632849956122231,lat_centre,1.2.826.0.1.3680043.8.498.78639884885930614393967011261656648857,14,399.07,302.64,360.514,269.776,-121.327,-0.875,-41.396,R,geometry (median x = -76 mm),R,R,last,True,False,raw-mathys-2026-09-29-b
1.2.826.0.1.3680043.8.498.13118532243906060645114391749986421707,1.2.826.0.1.3680043.8.498.12245541631528026565989521201533552722,lat_centre,1.2.826.0.1.3680043.8.498.12141122668874219812156881953996863524,4,316.41,281.11,319.961,280.249,100.455,-39.771,1.832,L,the click's own position in the stack,,L,first,,False,raw-mathys-2026-09-29-b
1.2.826.0.1.3680043.8.498.46051119885630602872050329412008545893,1.2.826.0.1.3680043.8.498.11878321781274509625920460709000314871,lat_centre,1.2.826.0.1.3680043.8.498.42535505507595789650270398350741685866,20,324.81,297.26,228.758,207.234,-122.473,-46.22,-11.188,R,geometry (median x = -32 mm),R,R,last,True,False,raw-mathys-2026-09-29-b
1.2.826.0.1.3680043.8.498.14963472809950919852176661973255059069,1.2.826.0.1.3680043.8.498.12218370167225090088219312257519288525,lat_centre,1.2.826.0.1.3680043.8.498.41207115992347626959046624749453814858,5,350.64,276.81,318.64,244.81,27.568,14.134,-18.202,L,DICOM Laterality tag,L,L,first,True,False,raw-mathys-2026-09-29-b
1.2.826.0.1.3680043.8.498.11533971444023236216745801026152089075,1.2.826.0.1.3680043.8.498.10920382066225285062115526574002474943,lat_centre,1.2.826.0.1.3680043.8.498.76836956570687509082243148403986616251,6,304.36,261.74,340.45,287.175,104.426,-0.936,11.633,L,geometry (median x = 59 mm),L,L,first,True,False,raw-mathys-2026-09-29-b
1.2.826.0.1.3680043.8.498.67875980316053973061252844698884229168,1.2.826.0.1.3680043.8.498.23031722909840698572229158615423899669,lat_centre,1.2.826.0.1.3680043.8.498.39614300173344044484201574555726493038,15,338.8,308.02,303.801,274.838,-40.138,-10.507,-31.98,R,geometry (median x = -24 mm),R,R,last,True,False,raw-mathys-2026-09-29-b
1.2.826.0.1.3680043.8.498.90751504670572401790063555695835439317,1.2.826.0.1.3680043.8.498.23580036786525362145347010286747656939,lat_centre,1.2.826.0.1.3680043.8.498.67268756506113606551976720326580508693,4,308.66,311.25,285.306,287.977,96.312,-9.438,-9.491,L,the click's own position in the stack,,L,first,,False,raw-mathys-2026-09-29-b
1.2.826.0.1.3680043.8.498.10148517526101576084961355066637531019,1.2.826.0.1.3680043.8.498.61178174888593430207613886253463045477,lat_centre,1.2.826.0.1.3680043.8.498.94594947523624667400834234706460362125,6,321.58,276.81,271.481,229.509,140.084,-38.073,-14.726,L,DICOM Laterality tag,L,L,first,True,False,raw-mathys-2026-09-29-b
1.2.826.0.1.3680043.8.498.58522891982092784622515590012748600644,1.2.826.0.1.3680043.8.498.11255820781553457663601913122087858960,lat_centre,1.2.826.0.1.3680043.8.498.12533892466263010931618481601810624438,4,336.65,300.48,151.389,134.372,129.282,-5.294,-40.45,L,geometry (median x = 38 mm),L,L,first,True,False,raw-mathys-2026-09-29-b
1.2.826.0.1.3680043.8.498.93230313557251171119475173996942942855,1.2.826.0.1.3680043.8.498.51611137538319854326864290108043801788,lat_centre,1.2.826.0.1.3680043.8.498.42370230254626306505067944528303140437,18,317.27,298.33,285.27,266.33,-18.816,16.096,-6.273,R,DICOM Laterality tag,R,R,last,True,False,raw-mathys-2026-09-29-b
1.2.826.0.1.3680043.8.498.17547781127981007962008163248942714330,1.2.826.0.1.3680043.8.498.11777344048327463289186253547865378798,lat_centre,1.2.826.0.1.3680043.8.498.33643899772824576815620474295069552056,5,303.28,310.17,269.582,275.707,118.622,54.766,-17.54,L,the click's own position in the stack,,L,first,,False,raw-mathys-2026-09-29-b
1.2.826.0.1.3680043.8.498.11924999889245769866426422681253524920,1.2.826.0.1.3680043.8.498.74002872999569953084975734172590388602,lat_centre,1.2.826.0.1.3680043.8.498.62821705483863047151348069167931123017,23,325.88,301.56,275.512,252.712,-134.856,-49.32,0.104,R,DICOM Laterality tag,R,R,last,True,False,raw-mathys-2026-09-29-b
1.2.826.0.1.3680043.8.498.81629704995225424568187579791704967233,1.2.826.0.1.3680043.8.498.11803382369827350266456786973715571246,lat_centre,1.2.826.0.1.3680043.8.498.15842106475083924603312136414922382696,22,334.49,311.25,381.987,351.0,-108.367,-45.186,-36.441,R,geometry (median x = -164 mm),R,R,last,True,False,raw-mathys-2026-09-29-b
1.2.826.0.1.3680043.8.498.70464717849928808075676221329034929056,1.2.826.0.1.3680043.8.498.12189295720389954806750738213385450625,lat_centre,1.2.826.0.1.3680043.8.498.43486065965125274087747778331801696079,23,334.49,309.09,464.569,429.292,-136.655,-36.701,-2.835,R,DICOM Laterality tag,R,R,last,True,False,raw-mathys-2026-09-29-b
1.2.826.0.1.3680043.8.498.37427993203943111265113924891058049338,1.2.826.0.1.3680043.8.498.10804792800840526866304375826928031479,lat_centre,1.2.826.0.1.3680043.8.498.47580736101697658526225040403433137966,19,322.65,311.25,258.65,247.25,-122.789,-27.46,-1.273,R,geometry (median x = -143 mm),R,R,last,True,False,raw-mathys-2026-09-29-b
1.2.826.0.1.3680043.8.498.12295284437770380354725533247473017729,1.2.826.0.1.3680043.8.498.14515541340136574913773528295161206632,lat_centre,1.2.826.0.1.3680043.8.498.62812892589298122585157034265948171236,22,374.31,305.87,517.985,390.772,-116.478,-41.568,-21.009,R,geometry (median x = -179 mm),R,R,last,True,False,raw-mathys-2026-09-29-b
1.2.826.0.1.3680043.8.498.16550793987525699514242241133391355835,1.2.826.0.1.3680043.8.498.13346108579354439619027160644500005040,lat_centre,1.2.826.0.1.3680043.8.498.13155439326582268395627768273044953711,7,325.88,289.72,301.88,265.72,140.067,-38.583,-4.139,L,DICOM Laterality tag,L,L,first,True,False,raw-mathys-2026-09-29-b
1.2.826.0.1.3680043.8.498.95560861705581165570145459410262387310,1.2.826.0.1.3680043.8.498.81686033957801490188294303825951394421,lat_centre,1.2.826.0.1.3680043.8.498.25192909925198752589752853170854341970,19,321.58,278.96,285.849,247.964,-105.775,7.031,-20.311,R,geometry (median x = -152 mm),R,R,last,True,False,raw-mathys-2026-09-29-b
1.2.826.0.1.3680043.8.498.85108719393967663738580518985514195538,1.2.826.0.1.3680043.8.498.96722287350274129921096603633786586778,lat_centre,1.2.826.0.1.3680043.8.498.69058019329304928045391637261228107973,19,379.7,311.25,329.892,275.108,-114.678,-0.537,-38.368,R,geometry (median x = -183 mm),R,R,last,True,False,raw-mathys-2026-09-29-b
1.2.826.0.1.3680043.8.498.11957476321850340968244508976719889277,1.2.826.0.1.3680043.8.498.11343344622343312110759493227556597110,lat_centre,1.2.826.0.1.3680043.8.498.41166498476090157213177450592344819295,9,334.49,318.78,302.49,286.78,110.056,4.979,9.016,L,the click's own position in the stack,,L,first,,False,raw-mathys-2026-09-29-b
1.2.826.0.1.3680043.8.498.90668646188784648688693620159738574680,1.2.826.0.1.3680043.8.498.63482963825995204726134297820392991232,lat_centre,1.2.826.0.1.3680043.8.498.10571931135873026562759554788066190720,5,330.19,290.8,494.54,436.617,132.548,-47.878,-2.245,L,DICOM Laterality tag,L,L,first,True,False,raw-mathys-2026-09-29-b
1.2.826.0.1.3680043.8.498.86651345701812229172985086531423369421,1.2.826.0.1.3680043.8.498.36188366441272388314154367740839790973,lat_centre,1.2.826.0.1.3680043.8.498.65210293661031487779309185955824957224,8,328.04,298.33,592.08,532.66,101.283,-24.065,-5.986,L,the click's own position in the stack,,L,first,,False,raw-mathys-2026-09-29-b
1.2.826.0.1.3680043.8.498.85194002080793317087210934629814349622,1.2.826.0.1.3680043.8.498.15933268726194960283072482223202587078,lat_centre,1.2.826.0.1.3680043.8.498.21172753669180346855577437933627405000,19,322.65,324.16,360.786,362.563,-92.149,40.672,-13.779,R,geometry (median x = -147 mm),R,R,last,True,False,raw-mathys-2026-09-29-b
1.2.826.0.1.3680043.8.498.65543472488214519069910341591668399186,1.2.826.0.1.3680043.8.498.12146481844904820936876316123478837079,lat_centre,1.2.826.0.1.3680043.8.498.32486166216660480051713953050158188409,24,296.83,362.91,264.83,330.91,-144.415,-24.995,-18.851,R,geometry (median x = -151 mm),R,R,last,True,False,raw-mathys-2026-09-29-b
1.2.826.0.1.3680043.8.498.12137739162059836759686062882514824614,1.2.826.0.1.3680043.8.498.12420828072849503611383902941929334326,lat_centre,1.2.826.0.1.3680043.8.498.83392315360415208575634651762102843749,4,329.11,285.42,334.249,285.098,125.586,-39.599,9.105,L,geometry (median x = 33 mm),L,L,first,True,False,raw-mathys-2026-09-29-b
1.2.826.0.1.3680043.8.498.81974732979506931694079719601760393277,1.2.826.0.1.3680043.8.498.55918779092413231278856196503563791619,lat_centre,1.2.826.0.1.3680043.8.498.11253669940809726964971426438304475384,19,359.46,290.8,319.52,258.489,-100.238,0.384,-31.153,R,geometry (median x = -154 mm),R,R,last,True,False,raw-mathys-2026-09-29-b
1.2.826.0.1.3680043.8.498.11340429352365972769264064439788186260,1.2.826.0.1.3680043.8.498.19356776260199146204837330613155326278,lat_centre,1.2.826.0.1.3680043.8.498.16911777322559864449345806896306852735,19,325.88,323.09,293.88,291.09,-34.908,14.832,-10.464,R,DICOM Laterality tag,R,R,last,True,False,raw-mathys-2026-09-29-b
1.2.826.0.1.3680043.8.498.13078551660783737720660607567713996703,1.2.826.0.1.3680043.8.498.65491541387025635978670199002630265740,lat_centre,1.2.826.0.1.3680043.8.498.25166940203087621730672510895610930069,20,355.37,296.18,323.37,264.18,-26.273,3.96,-19.314,R,DICOM Laterality tag,R,R,last,True,False,raw-mathys-2026-09-29-b
1.2.826.0.1.3680043.8.498.75688484058613633923943882730405145535,1.2.826.0.1.3680043.8.498.69379717597958849120291408391418152943,lat_centre,1.2.826.0.1.3680043.8.498.12010149427795923806510696044884232057,8,335.57,288.65,394.967,336.806,120.538,-63.576,-27.598,L,geometry (median x = 59 mm),L,L,first,True,False,raw-mathys-2026-09-29-b
1.2.826.0.1.3680043.8.498.74160604730133050784449689952695940558,1.2.826.0.1.3680043.8.498.21797233540155117256806210839450339196,lat_centre,1.2.826.0.1.3680043.8.498.20757047997902100466238074865954564160,15,406.82,302.64,361.618,269.013,-127.009,1.083,-37.018,R,geometry (median x = -116 mm),R,R,last,True,False,raw-mathys-2026-09-29-b
1.2.826.0.1.3680043.8.498.28289838818003822677994912735532050038,1.2.826.0.1.3680043.8.498.66468758562523185533468123248213455817,lat_centre,1.2.826.0.1.3680043.8.498.73115912647132005905455624840578502641,6,334.71,281.11,301.831,249.813,145.86,-51.602,-5.046,L,geometry (median x = 46 mm),L,L,first,True,False,raw-mathys-2026-09-29-b
1.2.826.0.1.3680043.8.498.12178921459424917661210327999672203211,1.2.826.0.1.3680043.8.498.81192357764559453003810773433705406850,lat_centre,1.2.826.0.1.3680043.8.498.65412252216259040031396237761231005492,6,322.87,286.49,141.924,127.397,125.594,-29.462,2.528,L,geometry (median x = 20 mm),L,L,first,True,False,raw-mathys-2026-09-29-b
1.2.826.0.1.3680043.8.498.24826041178550854190310664677274404684,1.2.826.0.1.3680043.8.498.49065522942671354058167017519077767045,lat_centre,1.2.826.0.1.3680043.8.498.17935031574441638868026677152174234970,8,339.87,320.93,272.448,254.758,108.83,-15.444,-42.189,L,the click's own position in the stack,,L,first,,False,raw-mathys-2026-09-29-b
1.2.826.0.1.3680043.8.498.96054287426681123062488435620352206601,1.2.826.0.1.3680043.8.498.56753469150559675099965653226638037060,lat_centre,1.2.826.0.1.3680043.8.498.43776487002090927173574163003696881513,21,353.87,304.79,311.963,270.637,-95.336,12.472,-46.914,R,geometry (median x = -145 mm),R,R,last,True,False,raw-mathys-2026-09-29-b
1.2.826.0.1.3680043.8.498.11530446425918247469882351709851883983,1.2.826.0.1.3680043.8.498.30834998619975301005268800293577539235,lat_centre,1.2.826.0.1.3680043.8.498.26662177562111740060064750501171891786,9,323.73,294.03,583.46,524.06,107.192,-15.461,-34.749,L,the click's own position in the stack,,L,first,,False,raw-mathys-2026-09-29-b
1.2.826.0.1.3680043.8.498.94955017957653373798729896600270551224,1.2.826.0.1.3680043.8.498.87159653406138401833165972154176467671,lat_centre,1.2.826.0.1.3680043.8.498.13799775600924175532044479178057940054,15,312.97,316.63,348.525,352.706,-131.081,-29.584,-2.505,R,DICOM Laterality tag,R,R,last,True,False,raw-mathys-2026-09-29-b
1.2.826.0.1.3680043.8.498.86405969333062807387894608315897106350,1.2.826.0.1.3680043.8.498.17527290973280363045583523023345587173,lat_centre,1.2.826.0.1.3680043.8.498.11233207991069653015050577246387109232,16,321.58,257.43,357.403,286.905,-127.599,-66.653,-10.319,R,geometry (median x = -185 mm),R,R,last,True,False,raw-mathys-2026-09-29-b
1.2.826.0.1.3680043.8.498.63726512375511246975989322174096818969,1.2.826.0.1.3680043.8.498.24830026619245989120192410378102606807,lat_centre,1.2.826.0.1.3680043.8.498.75054798548768611416217099281618444482,20,318.35,283.26,391.097,345.894,-109.312,-36.048,6.641,R,geometry (median x = -156 mm),R,R,last,True,False,raw-mathys-2026-09-29-b
1.2.826.0.1.3680043.8.498.37463970179664003092832463732043124908,1.2.826.0.1.3680043.8.498.57969727375831233228764640853929267968,lat_centre,1.2.826.0.1.3680043.8.498.85691126675338358288483713711566462523,31,300.05,297.26,268.05,265.26,-123.525,-6.228,8.641,R,geometry (median x = -173 mm),R,R,last,True,False,raw-mathys-2026-09-29-b
1.2.826.0.1.3680043.8.498.12110510829608190094905588610131531103,1.2.826.0.1.3680043.8.498.78600544684275475318510946289951878793,lat_centre,1.2.826.0.1.3680043.8.498.27585383393084027714875577639380341780,10,304.36,295.1,272.36,263.1,92.563,-25.994,-40.837,L,the click's own position in the stack,,L,first,,False,raw-mathys-2026-09-29-b
1.2.826.0.1.3680043.8.498.60339775486026531260673620094004244044,1.2.826.0.1.3680043.8.498.24659047104051568429685771044727308713,lat_centre,1.2.826.0.1.3680043.8.498.42363590290395279970939257193932031601,5,289.29,324.16,201.008,228.25,130.815,-42.576,-14.233,L,DICOM Laterality tag,L,L,first,True,False,raw-mathys-2026-09-29-b
1.2.826.0.1.3680043.8.498.70129413051088864999976563404818211137,1.2.826.0.1.3680043.8.498.12669462838515791399239373943806811722,lat_centre,1.2.826.0.1.3680043.8.498.13218677885044692431279219671761025604,21,317.27,337.08,285.27,305.08,-146.0,-6.397,-44.282,R,geometry (median x = -153 mm),R,R,last,True,False,raw-mathys-2026-09-29-b
1.2.826.0.1.3680043.8.498.79636443202100988025435536780567446582,1.2.826.0.1.3680043.8.498.12476716683737332319462982244374557979,lat_centre,1.2.826.0.1.3680043.8.498.53542051757877224396366383044257688944,32,312.11,317.7,278.687,283.947,-120.323,-14.174,-2.859,R,geometry (median x = -164 mm),R,R,last,True,False,raw-mathys-2026-09-29-b
1.2.826.0.1.3680043.8.498.64034149345689391514924451724232196567,1.2.826.0.1.3680043.8.498.56283714095107313607477606327242223936,lat_centre,1.2.826.0.1.3680043.8.498.95215859018907252291468635657342750012,34,355.16,319.86,323.16,287.86,-126.174,-13.884,-14.019,R,geometry (median x = -159 mm),R,R,last,True,False,raw-mathys-2026-09-29-b
1.2.826.0.1.3680043.8.498.10274314637471308855247991547659839029,1.2.826.0.1.3680043.8.498.77766976116670551979942629232553368416,lat_centre,1.2.826.0.1.3680043.8.498.12564060621549655473983478121238199085,21,306.51,294.03,514.706,491.306,-125.023,-52.527,-20.451,R,geometry (median x = -180 mm),R,R,last,True,False,raw-mathys-2026-09-29-b
1.2.826.0.1.3680043.8.498.49866252311077397175807461727885923657,1.2.826.0.1.3680043.8.498.95647887673248837374073341036050591673,lat_centre,1.2.826.0.1.3680043.8.498.88021200003529095922815445567702327920,4,344.18,272.5,381.447,303.047,127.227,-66.71,-1.844,L,geometry (median x = 36 mm),L,L,first,True,False,raw-mathys-2026-09-29-b
1.2.826.0.1.3680043.8.498.62782163204193388751869649423542931657,1.2.826.0.1.3680043.8.498.67127701575821532523664382268777039524,lat_centre,1.2.826.0.1.3680043.8.498.17851774604854292285388033502129012792,5,386.15,311.25,429.056,345.833,29.927,11.473,-43.767,L,geometry (median x = 32 mm),L,L,first,True,False,raw-mathys-2026-09-29-b
1.2.826.0.1.3680043.8.498.35961087303991442751747064990497975939,1.2.826.0.1.3680043.8.498.83951784810087607643588570523113889011,lat_centre,1.2.826.0.1.3680043.8.498.63783816445270201502361753252989504942,6,357.31,316.63,321.219,282.94,107.999,7.609,-16.103,L,geometry (median x = 50 mm),L,L,first,True,False,raw-mathys-2026-09-29-b
1.2.826.0.1.3680043.8.498.11314687816975146963598226343179928616,1.2.826.0.1.3680043.8.498.91190252972033305108200535355820995939,lat_centre,1.2.826.0.1.3680043.8.498.40380401466215516317234899905676726118,23,360.32,303.71,450.4,339.637,-114.466,-51.362,-33.473,R,geometry (median x = -160 mm),R,R,last,True,False,raw-mathys-2026-09-29-b
1.2.826.0.1.3680043.8.498.16397020531009156965821242117417547331,1.2.826.0.1.3680043.8.498.10540984475026191413807822617799041591,lat_centre,1.2.826.0.1.3680043.8.498.10306437742306302627057121493593149769,5,297.9,349.99,265.9,317.99,101.442,73.131,36.646,L,the click's own position in the stack,,L,first,,False,raw-mathys-2026-09-29-b
1.2.826.0.1.3680043.8.498.10541029960718591409318399557079055927,1.2.826.0.1.3680043.8.498.95596126576996016027364861452027736293,lat_centre,1.2.826.0.1.3680043.8.498.34833477609995705900173962124098022716,3,405.52,331.7,360.462,294.844,53.583,3.588,-37.933,L,geometry (median x = 28 mm),L,L,first,True,False,raw-mathys-2026-09-29-b
1.2.826.0.1.3680043.8.498.38584486469155131627808759862008577200,1.2.826.0.1.3680043.8.498.20089692877280311505258338592867703887,lat_centre,1.2.826.0.1.3680043.8.498.80523990424097496634142260235038235671,15,312.97,300.48,279.496,267.743,-138.985,-2.497,-38.462,R,geometry (median x = -127 mm),R,R,last,True,False,raw-mathys-2026-09-29-b
1.2.826.0.1.3680043.8.498.63510378689078892579575716369639643386,1.2.826.0.1.3680043.8.498.39496989532030157851697744227887690907,lat_centre,1.2.826.0.1.3680043.8.498.66193476886897980613917353787115600932,8,327.17,304.79,372.227,342.387,96.977,-34.116,-35.031,L,the click's own position in the stack,,L,first,,False,raw-mathys-2026-09-29-b
1.2.826.0.1.3680043.8.498.38303182087206935163155565441234078389,1.2.826.0.1.3680043.8.498.32323997237906771515719220425087292546,lat_centre,1.2.826.0.1.3680043.8.498.90641197750213493745818648547032201900,6,351.71,311.25,327.71,287.25,144.496,-35.389,-36.988,L,DICOM Laterality tag,L,L,first,True,False,raw-mathys-2026-09-29-b
1.2.826.0.1.3680043.8.498.26843088620128166809417361066548447201,1.2.826.0.1.3680043.8.498.23429532435923317882737919863393787881,lat_centre,1.2.826.0.1.3680043.8.498.61059959612538388951607198297322956514,6,338.8,315.55,239.688,221.523,142.526,-37.379,-18.325,L,DICOM Laterality tag,L,L,first,True,False,raw-mathys-2026-09-29-b
1.2.826.0.1.3680043.8.498.78812661021494224637586904573732040856,1.2.826.0.1.3680043.8.498.89240427498659264185023617810117177572,lat_centre,1.2.826.0.1.3680043.8.498.79053662261849393701421633516928979524,6,353.87,311.25,632.919,555.004,129.744,-53.065,-29.202,L,the click's own position in the stack,,L,first,,False,raw-mathys-2026-09-29-b
1.2.826.0.1.3680043.8.498.43127139928509033152155587499980767364,1.2.826.0.1.3680043.8.498.11673388554859979605186616425983138537,lat_centre,1.2.826.0.1.3680043.8.498.87312335475914022603603016093659198301,18,308.66,280.04,274.364,248.924,-86.083,-1.259,-12.789,R,geometry (median x = -146 mm),R,R,last,True,False,raw-mathys-2026-09-29-b
1.2.826.0.1.3680043.8.498.30246079718471552972130572444383079911,1.2.826.0.1.3680043.8.498.73098240504448530683336388041967650671,lat_centre,1.2.826.0.1.3680043.8.498.59157283162898243784445467668707526184,16,347.41,272.5,311.903,241.415,-24.479,-26.916,-7.772,R,geometry (median x = -86 mm),R,R,last,True,False,raw-mathys-2026-09-29-b
1.2.826.0.1.3680043.8.498.12153755823296803843819361055386265595,1.2.826.0.1.3680043.8.498.58313871254257520649846427940724728250,lat_centre,1.2.826.0.1.3680043.8.498.64360006657976311216085967806789565535,7,317.27,326.31,222.867,229.93,125.398,-45.702,-7.232,L,DICOM Laterality tag,L,L,first,True,False,raw-mathys-2026-09-29-b
1.2.826.0.1.3680043.8.498.13737588520456064856233576393747389054,1.2.826.0.1.3680043.8.498.86419664226394341912550063578150639520,lat_centre,1.2.826.0.1.3680043.8.498.10860215081894337664992018833065055855,18,321.58,331.7,361.975,374.625,-77.785,71.578,-10.707,R,geometry (median x = -130 mm),R,R,last,True,False,raw-mathys-2026-09-29-b
1.2.826.0.1.3680043.8.498.17931021655186901394796168474942485728,1.2.826.0.1.3680043.8.498.37265227959941421921979555442966989419,lat_centre,1.2.826.0.1.3680043.8.498.20950697962781066071421874214771531171,8,317.27,284.34,267.441,236.569,141.997,-39.81,-12.637,L,DICOM Laterality tag,L,L,first,True,False,raw-mathys-2026-09-29-b
1.2.826.0.1.3680043.8.498.65667678378249093118816281743956646856,1.2.826.0.1.3680043.8.498.57677348651595775508988578990248724929,lat_centre,1.2.826.0.1.3680043.8.498.13011216900237515415077918266909197310,4,325.88,309.09,320.682,302.872,123.452,-30.187,-10.745,L,geometry (median x = 26 mm),L,L,first,True,False,raw-mathys-2026-09-29-b
1.2.826.0.1.3680043.8.498.98315778542448798493600485116505234132,1.2.826.0.1.3680043.8.498.19036925019599855767946820948664672173,lat_centre,1.2.826.0.1.3680043.8.498.13059309322740541032940959850135926749,4,436.74,295.1,381.741,262.478,73.24,-8.174,-31.39,L,geometry (median x = 37 mm),L,L,first,True,False,raw-mathys-2026-09-29-b
1.2.826.0.1.3680043.8.498.42768603719459834345001093623865167866,1.2.826.0.1.3680043.8.498.67368306837418441494821327515175411304,lat_centre,1.2.826.0.1.3680043.8.498.95438259905526462659809112474585650927,6,319.43,306.94,283.938,272.836,88.217,-21.459,-7.68,L,geometry (median x = 25 mm),L,L,first,True,False,raw-mathys-2026-09-29-b
1.2.826.0.1.3680043.8.498.12629372332421954368597330267888483345,1.2.826.0.1.3680043.8.498.15530256794376691030562863615998412608,lat_centre,1.2.826.0.1.3680043.8.498.67361648389567161928464620703930695716,5,269.06,311.25,238.178,277.878,132.409,-29.584,24.785,L,geometry (median x = 29 mm),L,L,first,True,False,raw-mathys-2026-09-29-b
1.2.826.0.1.3680043.8.498.82272793832748838882752586678639564181,1.2.826.0.1.3680043.8.498.10568996911457291723691785963888054957,lat_centre,1.2.826.0.1.3680043.8.498.30049343213657453943184494044577888661,18,378.62,300.48,346.62,268.48,-139.488,-13.644,2.467,R,geometry (median x = -186 mm),R,R,last,True,False,raw-mathys-2026-09-29-b
1.2.826.0.1.3680043.8.498.49025249926859976858200443939208207124,1.2.826.0.1.3680043.8.498.34185171809287602928250484465343011393,lat_centre,1.2.826.0.1.3680043.8.498.28440029387092053041507610759276436067,5,310.82,306.94,139.236,137.411,88.167,-22.131,-16.474,L,the click's own position in the stack,,L,first,,False,raw-mathys-2026-09-29-b
1.2.826.0.1.3680043.8.498.11295899132697862632905938037090529644,1.2.826.0.1.3680043.8.498.74800672226731313054975198837566895537,lat_centre,1.2.826.0.1.3680043.8.498.43013552816287667256894935375173611138,19,320.29,290.8,284.702,258.489,-109.116,5.158,-36.919,R,geometry (median x = -171 mm),R,R,last,True,False,raw-mathys-2026-09-29-b
1.2.826.0.1.3680043.8.498.91431012289716035498822977054491790785,1.2.826.0.1.3680043.8.498.11348837319065726293868690642830360104,lat_centre,1.2.826.0.1.3680043.8.498.98318654307249143448736311574973410123,32,323.73,285.42,291.73,253.42,-130.258,-10.351,-15.448,R,geometry (median x = -178 mm),R,R,last,True,False,raw-mathys-2026-09-29-b
1.2.826.0.1.3680043.8.498.67981157392064878495682078197161506255,1.2.826.0.1.3680043.8.498.12875804464444715918718676777232738119,lat_centre,1.2.826.0.1.3680043.8.498.82782324116270918403387713995817104553,5,394.98,314.48,493.725,353.1,32.286,12.513,-8.709,L,the click's own position in the stack,,L,first,,False,raw-mathys-2026-09-29-b
1.2.826.0.1.3680043.8.498.10777331080659372520952742261140923555,1.2.826.0.1.3680043.8.498.11493999921664082701311531600481669421,lat_centre,1.2.826.0.1.3680043.8.498.94492211701570048316785788557471204277,7,306.94,259.59,423.675,284.487,31.782,7.234,-5.919,R,geometry (median x = -30 mm),R,L,first,False,False,raw-mathys-2026-09-29-b
1.2.826.0.1.3680043.8.498.64865300853258390816475799272221318005,1.2.826.0.1.3680043.8.498.13358365066105430052213057181379916862,lat_centre,1.2.826.0.1.3680043.8.498.10802622628141921844612325108242987005,6,373.24,299.41,341.24,267.41,30.909,13.312,-25.264,L,DICOM Laterality tag,L,L,first,True,False,raw-mathys-2026-09-29-b
1.2.826.0.1.3680043.8.498.61490475141024845836646569993549106628,1.2.826.0.1.3680043.8.498.11336772815748586935248588097928611989,lat_centre,1.2.826.0.1.3680043.8.498.58851436085568204890677001531442590450,19,351.71,255.28,412.771,281.599,-113.495,-61.742,-8.121,R,geometry (median x = -154 mm),R,R,last,True,False,raw-mathys-2026-09-29-b
1.2.826.0.1.3680043.8.498.12700591955254168977239658917260628326,1.2.826.0.1.3680043.8.498.12259637805167211593153902175326299229,lat_centre,1.2.826.0.1.3680043.8.498.97011157967153576928422180322950713223,5,333.42,280.04,376.775,310.05,93.478,7.497,-44.678,L,geometry (median x = 32 mm),L,L,first,True,False,raw-mathys-2026-09-29-b
1.2.826.0.1.3680043.8.498.11498845504486569595587386245872511981,1.2.826.0.1.3680043.8.498.93963850774532523432917071677292116264,lat_centre,1.2.826.0.1.3680043.8.498.76516020210760236476426393493122707403,21,322.65,294.03,363.312,327.537,-113.656,-56.35,-23.0,R,geometry (median x = -158 mm),R,R,last,True,False,raw-mathys-2026-09-29-b
1.2.826.0.1.3680043.8.498.52098249444968803324423421624756966294,1.2.826.0.1.3680043.8.498.12416482268219306644386675076879779456,lat_centre,1.2.826.0.1.3680043.8.498.95521344423930480922425014020162827317,20,314.26,297.26,352.825,331.575,-121.754,-53.648,-24.941,R,geometry (median x = -164 mm),R,R,last,True,False,raw-mathys-2026-09-29-b
1.2.826.0.1.3680043.8.498.62205799963299902160268565319924399775,1.2.826.0.1.3680043.8.498.45178786555424190880929564372254418064,lat_centre,1.2.826.0.1.3680043.8.498.37065794117888583658001633115269056008,5,336.65,298.33,395.096,332.123,127.437,-43.403,-17.803,L,the click's own position in the stack,,L,first,,False,raw-mathys-2026-09-29-b
1.2.826.0.1.3680043.8.498.34076627216941578548083498328399240999,1.2.826.0.1.3680043.8.498.86398155169574326696974092366869024821,lat_centre,1.2.826.0.1.3680043.8.498.12531438794150251600556872403144313843,27,337.72,303.71,386.293,340.947,-117.812,-38.947,-46.611,R,geometry (median x = -171 mm),R,R,last,True,False,raw-mathys-2026-09-29-b
1.2.826.0.1.3680043.8.498.15744573360087157139672078937679122840,1.2.826.0.1.3680043.8.498.76182665159350749354843871769685251589,lat_centre,1.2.826.0.1.3680043.8.498.11244624763775624687914428524419942179,19,325.02,290.8,366.275,323.5,-110.435,-42.555,-11.817,R,geometry (median x = -160 mm),R,R,last,True,False,raw-mathys-2026-09-29-b
1.2.826.0.1.3680043.8.498.52844966504845792334740560021996858939,1.2.826.0.1.3680043.8.498.33505481496959745564562856997526083746,lat_centre,1.2.826.0.1.3680043.8.498.13166892562891130584590081922677827649,17,378.62,267.12,420.689,296.8,-110.24,-17.87,-30.819,R,geometry (median x = -102 mm),R,R,last,True,False,raw-mathys-2026-09-29-b
1.2.826.0.1.3680043.8.498.13269841239774089690227054060975903636,1.2.826.0.1.3680043.8.498.81078816884385454543719892685118527297,lat_centre,1.2.826.0.1.3680043.8.498.27220229441789267093575303446936057214,16,392.61,302.64,436.233,336.267,-113.169,10.173,-26.035,R,geometry (median x = -113 mm),R,R,last,True,False,raw-mathys-2026-09-29-b
